date,n_members,n_with_bars,missing_rate,missing_names
2016-04-01,505,380,0.24752475247524752,AAP;ADS;ADT;AET;AGN;AIV;ALXN;ANDV;APC;ARG;ATVI;BBBY;BCR;BHI;BNY;BXLT;CA;CAM;CCE;CELG;CERN;CHK;CMA;COL;CPGX;CSRA;CTXS;CVC;CXO;DFS;DISCA;DISCK;DNB;DO;DOW;DPS;EMC;EMN;ENDP;ESRX;ETFC;FLIR;FMC;FOX;FOXA;FTR;GAS;GGP;GME;GPS;HAR;HBI;HES;HOT;IPG;JNPR;JWN;K;KMX;KSS;KSU;LEG;LLL;LLTC;LM;LNC;LUMN;LVLT;MAC;MHK;MJN;MNK;MON;MRO;NAVI;NBL;NFX;NLSN;NWL;OI;PBCT;PBI;PDCO;PRGO;PXD;QRVO;RAI;RHI;RHT;RIG;RTN;SCG;SE;SEE;SIG;SLG;SNDK;SNI;SPLS;SRCL;STI;STJ;SWN;TDC;TE;TGNA;TIF;TRIP;TSS;TWC;TWX;TYC;UAA;URBN;VAR;VIAB;WBA;WFM;WU;WYN;XEC;XL;XLNX;XRX;YHOO
2016-05-02,506,381,0.24703557312252963,AAP;ADS;ADT;AET;AGN;AIV;ALXN;ANDV;APC;ARG;ATVI;BBBY;BCR;BHI;BNY;BXLT;CA;CCE;CELG;CERN;CHK;CMA;COL;CPGX;CSRA;CTXS;CVC;CXO;DFS;DISCA;DISCK;DNB;DO;DOW;DPS;EMC;EMN;ENDP;ESRX;ETFC;FL;FLIR;FMC;FOX;FOXA;FTR;GAS;GGP;GPS;HAR;HBI;HES;HOT;IPG;JNPR;JWN;K;KMX;KSS;KSU;LEG;LLL;LLTC;LM;LNC;LUMN;LVLT;MAC;MHK;MJN;MNK;MON;MRO;NAVI;NBL;NFX;NLSN;NWL;OI;PBCT;PBI;PDCO;PRGO;PXD;QRVO;RAI;RHI;RHT;RIG;RTN;SCG;SE;SEE;SIG;SLG;SNDK;SNI;SPLS;SRCL;STI;STJ;SWN;TDC;TE;TGNA;TIF;TRIP;TSS;TWC;TWX;TYC;UA;UAA;URBN;VAR;VIAB;WBA;WFM;WU;WYN;XEC;XL;XLNX;XRX;YHOO
2016-05-31,506,385,0.2391304347826087,AAP;ADS;AET;AGN;AIV;ALXN;ANDV;APC;ATVI;BBBY;BCR;BHI;BNY;BXLT;CA;CELG;CERN;CHK;CMA;COL;CPGX;CSRA;CTXS;CVC;CXO;DFS;DISCA;DISCK;DNB;DO;DOW;DPS;EMC;EMN;ENDP;ESRX;ETFC;FL;FLIR;FMC;FOX;FOXA;FTR;GAS;GGP;GPS;HAR;HBI;HES;HOT;IPG;JNPR;JWN;K;KMX;KSS;KSU;LEG;LKQ;LLL;LLTC;LM;LNC;LUMN;LVLT;MAC;MHK;MJN;MNK;MON;MRO;NAVI;NBL;NFX;NLSN;NWL;OI;PBCT;PBI;PDCO;PRGO;PXD;QRVO;RAI;RHI;RHT;RIG;RTN;SCG;SE;SEE;SIG;SLG;SNI;SPLS;SRCL;STI;STJ;SWN;TDC;TE;TGNA;TIF;TRIP;TSS;TWX;TYC;UA;UAA;URBN;VAR;VIAB;WBA;WFM;WU;WYN;XEC;XL;XLNX;XRX;YHOO
2016-06-29,506,386,0.23715415019762845,AAP;ADS;AET;AGN;AIV;ALXN;ANDV;APC;ATVI;BBBY;BCR;BHI;BNY;CA;CELG;CERN;CHK;CMA;COL;CPGX;CSRA;CTXS;CXO;DFS;DISCA;DISCK;DNB;DO;DOW;DPS;EMC;EMN;ENDP;ESRX;ETFC;FBHS;FL;FLIR;FMC;FOX;FOXA;FTR;GAS;GGP;GPS;HAR;HBI;HES;HOT;IPG;JNPR;JWN;K;KMX;KSS;KSU;LEG;LKQ;LLL;LLTC;LM;LNC;LUMN;LVLT;MAC;MHK;MJN;MNK;MON;MRO;NAVI;NBL;NFX;NLSN;NWL;OI;PBCT;PBI;PDCO;PRGO;PXD;QRVO;RAI;RHI;RHT;RIG;RTN;SCG;SE;SEE;SIG;SLG;SNI;SPLS;SRCL;STI;STJ;SWN;TDC;TE;TGNA;TIF;TRIP;TSS;TWX;TYC;UA;UAA;URBN;VAR;VIAB;WBA;WFM;WU;WYN;XEC;XL;XLNX;XRX;YHOO
2016-07-28,506,389,0.23122529644268774,AAP;ADS;AET;AGN;AIV;ALXN;ANDV;APC;ATVI;BBBY;BCR;BHI;BNY;CA;CELG;CERN;CHK;CMA;COL;CSRA;CTXS;CXO;DFS;DISCA;DISCK;DNB;DO;DOW;DPS;EMC;EMN;ENDP;ESRX;ETFC;FBHS;FL;FLIR;FMC;FOX;FOXA;FTR;GGP;GPS;HAR;HBI;HES;HOT;IPG;JNPR;JWN;K;KMX;KSS;KSU;LEG;LKQ;LLL;LLTC;LM;LNC;LUMN;LVLT;MAC;MHK;MJN;MNK;MON;MRO;NAVI;NBL;NFX;NLSN;NWL;OI;PBCT;PBI;PDCO;PRGO;PXD;QRVO;RAI;RHI;RHT;RIG;RTN;SCG;SE;SEE;SIG;SLG;SNI;SPLS;SRCL;STI;STJ;SWN;TDC;TGNA;TIF;TRIP;TSS;TWX;TYC;UA;UAA;URBN;VAR;VIAB;WBA;WFM;WU;WYN;XEC;XL;XLNX;XRX;YHOO
2016-08-26,506,389,0.23122529644268774,AAP;ADS;AET;AGN;AIV;ALXN;ANDV;APC;ATVI;BBBY;BCR;BHI;BNY;CA;CELG;CERN;CHK;CMA;COL;CSRA;CTXS;CXO;DFS;DISCA;DISCK;DNB;DO;DOW;DPS;EMC;EMN;ENDP;ESRX;ETFC;FBHS;FL;FLIR;FMC;FOX;FOXA;FTR;GGP;GPS;HAR;HBI;HES;HOT;IPG;JNPR;JWN;K;KMX;KSS;KSU;LEG;LKQ;LLL;LLTC;LM;LNC;LUMN;LVLT;MAC;MHK;MJN;MNK;MON;MRO;NAVI;NBL;NFX;NLSN;NWL;OI;PBCT;PBI;PDCO;PRGO;PXD;QRVO;RAI;RHI;RHT;RIG;RTN;SCG;SE;SEE;SIG;SLG;SNI;SPLS;SRCL;STI;STJ;SWN;TDC;TGNA;TIF;TRIP;TSS;TWX;TYC;UA;UAA;URBN;VAR;VIAB;WBA;WFM;WU;WYN;XEC;XL;XLNX;XRX;YHOO
2016-09-26,506,392,0.22529644268774704,AAP;ADS;AET;AGN;AIV;ALXN;ANDV;APC;ATVI;BBBY;BCR;BHI;BNY;CA;CELG;CERN;CHK;CMA;COL;CSRA;CTXS;CXO;DFS;DISCA;DISCK;DNB;DO;DOW;DPS;EMN;ENDP;ESRX;ETFC;FBHS;FL;FLIR;FMC;FOX;FOXA;FTR;GGP;GPS;HAR;HBI;HES;IPG;JNPR;JWN;K;KMX;KSS;KSU;LEG;LKQ;LLL;LLTC;LM;LNC;LUMN;LVLT;MAC;MHK;MJN;MNK;MON;MRO;NAVI;NBL;NFX;NLSN;NWL;OI;PBCT;PBI;PDCO;PRGO;PXD;QRVO;RAI;RHI;RHT;RIG;RTN;SCG;SE;SEE;SIG;SLG;SNI;SPLS;SRCL;STI;STJ;SWN;TDC;TGNA;TIF;TRIP;TSS;TWX;UA;UAA;URBN;VAR;VIAB;WBA;WFM;WU;WYN;XEC;XL;XLNX;XRX;YHOO
2016-10-25,506,393,0.22332015810276679,AAP;ADS;AET;AGN;AIV;ALXN;ANDV;APC;ATVI;BBBY;BCR;BHI;BNY;CA;CELG;CERN;CHK;CMA;COL;CSRA;CTXS;CXO;DFS;DISCA;DISCK;DNB;DOW;DPS;EMN;ENDP;ESRX;ETFC;FBHS;FL;FLIR;FMC;FOX;FOXA;FTR;GGP;GPS;HAR;HBI;HES;IPG;JNPR;JWN;K;KMX;KSS;KSU;LEG;LKQ;LLL;LLTC;LM;LNC;LUMN;LVLT;MAC;MHK;MJN;MNK;MON;MRO;NAVI;NBL;NFX;NLSN;NWL;OI;PBCT;PBI;PDCO;PRGO;PXD;QRVO;RAI;RHI;RHT;RIG;RTN;SCG;SE;SEE;SIG;SLG;SNI;SPLS;SRCL;STI;STJ;SWN;TDC;TGNA;TIF;TRIP;TSS;TWX;UA;UAA;URBN;VAR;VIAB;WBA;WFM;WU;WYN;XEC;XL;XLNX;XRX;YHOO
2016-11-23,506,392,0.22529644268774704,AAP;ADS;AET;AGN;AIV;ALXN;ANDV;APC;ARNC;ATVI;BBBY;BCR;BHI;BNY;CA;CELG;CERN;CHK;CMA;COL;CSRA;CTXS;CXO;DFS;DISCA;DISCK;DNB;DOW;DPS;EMN;ENDP;ESRX;ETFC;FBHS;FL;FLIR;FMC;FOX;FOXA;FTR;GGP;GPS;HAR;HBI;HES;IPG;JNPR;JWN;K;KMX;KSS;KSU;LEG;LKQ;LLL;LLTC;LM;LNC;LUMN;LVLT;MAC;MHK;MJN;MNK;MON;MRO;NAVI;NBL;NFX;NLSN;NWL;OI;PBCT;PBI;PDCO;PRGO;PXD;QRVO;RAI;RHI;RHT;RIG;RTN;SCG;SE;SEE;SIG;SLG;SNI;SPLS;SRCL;STI;STJ;SWN;TDC;TGNA;TIF;TRIP;TSS;TWX;UA;UAA;URBN;VAR;VIAB;WBA;WFM;WU;WYN;XEC;XL;XLNX;XRX;YHOO
2016-12-22,506,393,0.22332015810276679,AAP;ADS;AET;AGN;AIV;ALXN;ANDV;APC;ARNC;ATVI;BBBY;BCR;BHI;BNY;CA;CELG;CERN;CHK;CMA;COL;CSRA;CTXS;CXO;DFS;DISCA;DISCK;DNB;DOW;DPS;EMN;ENDP;ESRX;ETFC;EVHC;FBHS;FL;FLIR;FMC;FOX;FOXA;FTR;GGP;GPS;HAR;HBI;HES;IPG;JNPR;JWN;K;KMX;KSS;KSU;LEG;LKQ;LLL;LLTC;LNC;LUMN;LVLT;MAC;MHK;MJN;MNK;MON;MRO;NAVI;NBL;NFX;NLSN;NWL;PBCT;PBI;PDCO;PRGO;PXD;QRVO;RAI;RHI;RHT;RIG;RTN;SCG;SE;SEE;SIG;SLG;SNI;SPLS;SRCL;STI;STJ;SWN;TDC;TGNA;TIF;TRIP;TSS;TWX;UA;UAA;URBN;VAR;VIAB;WBA;WFM;WU;WYN;XEC;XL;XLNX;XRX;YHOO
2017-01-20,506,394,0.22134387351778656,AAP;ADS;AET;AGN;AIV;ALXN;ANDV;APC;ARNC;ATVI;BBBY;BCR;BHI;BNY;CA;CELG;CERN;CHK;CMA;COL;CSRA;CTXS;CXO;DFS;DISCA;DISCK;DNB;DOW;DPS;EMN;ENDP;ESRX;ETFC;EVHC;FBHS;FL;FLIR;FMC;FOX;FOXA;FTR;GGP;GPS;HAR;HBI;HES;IPG;JNPR;JWN;K;KMX;KSS;KSU;LEG;LKQ;LLL;LLTC;LNC;LUMN;LVLT;MAC;MHK;MJN;MNK;MON;MRO;NAVI;NBL;NFX;NLSN;NWL;PBCT;PBI;PDCO;PRGO;PXD;QRVO;RAI;RHI;RHT;RIG;RTN;SCG;SE;SEE;SIG;SLG;SNI;SPLS;SRCL;STI;SWN;TDC;TGNA;TIF;TRIP;TSS;TWX;UA;UAA;URBN;VAR;VIAB;WBA;WFM;WU;WYN;XEC;XL;XLNX;XRX;YHOO
2017-02-20,506,0,1.0,A;AAL;AAP;AAPL;ABBV;ABT;ACN;ADBE;ADI;ADM;ADP;ADS;ADSK;AEE;AEP;AES;AET;AFL;AGN;AIG;AIV;AIZ;AJG;AKAM;ALB;ALK;ALL;ALLE;ALXN;AMAT;AME;AMG;AMGN;AMP;AMT;AMZN;AN;ANDV;AON;APA;APC;APD;APH;APTV;ARNC;ATVI;AVB;AVGO;AVY;AWK;AXP;AYI;AZO;BA;BAC;BALL;BAX;BBBY;BBWI;BBY;BCR;BDX;BEN;BF-B;BHI;BIIB;BKNG;BLK;BMY;BNY;BRK-B;BSX;BWA;BXP;C;CA;CAG;CAH;CAT;CB;CBRE;CCI;CCL;CELG;CERN;CF;CFG;CHD;CHK;CHRW;CHTR;CI;CINF;CL;CLX;CMA;CMCSA;CME;CMG;CMI;CMS;CNC;CNP;COF;COL;COO;COP;COR;COST;COTY;CPB;CPRI;CRM;CSCO;CSRA;CSX;CTAS;CTRA;CTSH;CTXS;CVS;CVX;CXO;D;DAL;DD;DE;DFS;DG;DGX;DHI;DHR;DIS;DISCA;DISCK;DLR;DLTR;DNB;DOC;DOV;DOW;DPS;DRI;DTE;DUK;DVA;DVN;EA;EBAY;ECL;ED;EFX;EIX;EL;ELV;EMN;EMR;ENDP;EOG;EQIX;EQR;EQT;ES;ESRX;ESS;ETFC;ETN;ETR;EVHC;EW;EXC;EXPD;EXPE;EXR;F;FAST;FBHS;FCX;FDX;FE;FFIV;FIS;FISV;FITB;FL;FLIR;FLR;FLS;FMC;FOX;FOXA;FRT;FSLR;FTI;FTR;FTV;GD;GE;GEN;GGP;GILD;GIS;GL;GLW;GM;GOOG;GOOGL;GPC;GPN;GPS;GRMN;GS;GT;GWW;HAL;HAR;HAS;HBAN;HBI;HCA;HD;HES;HIG;HOG;HOLX;HON;HP;HPE;HPQ;HRB;HRL;HSIC;HST;HSY;HUM;IBM;ICE;IDXX;IFF;ILMN;INTC;INTU;IP;IPG;IQV;IRM;ISRG;ITW;IVZ;J;JBHT;JCI;JEF;JNJ;JNPR;JPM;JWN;K;KEY;KHC;KIM;KLAC;KMB;KMI;KMX;KO;KR;KSS;KSU;L;LEG;LEN;LH;LHX;LIN;LKQ;LLL;LLTC;LLY;LMT;LNC;LNT;LOW;LRCX;LUMN;LUV;LVLT;LYB;M;MA;MAA;MAC;MAR;MAS;MAT;MCD;MCHP;MCK;MCO;MDLZ;MDT;MET;META;MHK;MJN;MKC;MLM;MMM;MNK;MNST;MO;MON;MOS;MPC;MRK;MRO;MRSH;MS;MSFT;MSI;MTB;MTD;MU;MUR;NAVI;NBL;NDAQ;NEE;NEM;NFLX;NFX;NI;NKE;NLSN;NOC;NOV;NRG;NSC;NTAP;NTRS;NUE;NVDA;NWL;NWS;NWSA;O;OKE;OMC;ORCL;ORLY;OXY;PAYX;PBCT;PBI;PCAR;PCG;PDCO;PEG;PEP;PFE;PFG;PG;PGR;PH;PHM;PLD;PM;PNC;PNR;PNW;PPG;PPL;PRGO;PRU;PSA;PSKY;PSX;PVH;PWR;PXD;PYPL;QCOM;QRVO;R;RAI;RCL;REGN;RF;RHI;RHT;RIG;RL;ROK;ROP;ROST;RRC;RSG;RTN;RTX;RVTY;SBUX;SCG;SCHW;SE;SEE;SHW;SIG;SJM;SLB;SLG;SNA;SNI;SO;SPG;SPGI;SPLS;SRCL;SRE;STI;STT;STX;STZ;SW;SWK;SWKS;SWN;SYF;SYK;SYY;T;TAP;TDC;TDG;TEL;TFC;TGNA;TGT;TIF;TJX;TMO;TPR;TRIP;TROW;TRV;TSCO;TSN;TSS;TT;TWX;TXN;TXT;UA;UAA;UAL;UDR;UHS;ULTA;UNH;UNM;UNP;UPS;URBN;URI;USB;V;VAR;VFC;VIAB;VLO;VMC;VNO;VRSK;VRSN;VRTX;VTR;VTRS;VZ;WAT;WBA;WDC;WEC;WELL;WFC;WFM;WHR;WM;WMB;WMT;WTW;WU;WY;WYN;WYNN;XEC;XEL;XL;XLNX;XOM;XRAY;XRX;XYL;YHOO;YUM;ZBH;ZION;ZTS
2017-03-21,506,400,0.20948616600790515,AAP;ADS;AET;AGN;AIV;ALXN;ANDV;APC;ARNC;ATVI;BBBY;BCR;BHI;BNY;CA;CELG;CERN;CHK;CMA;COL;CSRA;CTXS;CXO;DFS;DISCA;DISCK;DISH;DNB;DOW;DPS;EMN;ESRX;ETFC;EVHC;FBHS;FL;FLIR;FMC;FOX;FOXA;GGP;GPS;HBI;HES;IPG;JNPR;JWN;K;KMX;KSS;KSU;LEG;LKQ;LLL;LNC;LUMN;LVLT;MAC;MHK;MJN;MNK;MON;MRO;NAVI;NBL;NFX;NLSN;NWL;PBCT;PDCO;PRGO;PXD;QRVO;RAI;RHI;RHT;RIG;RTN;SCG;SEE;SIG;SLG;SNI;SPLS;SRCL;STI;SWN;TDC;TGNA;TIF;TRIP;TSS;TWX;UA;UAA;VAR;VIAB;WBA;WFM;WU;WYN;XEC;XL;XLNX;XRX;YHOO
2017-04-19,506,401,0.2075098814229249,AAP;ADS;AET;AGN;AIV;ALXN;ANDV;APC;ARNC;ATVI;BBBY;BCR;BHI;BNY;CA;CELG;CERN;CHK;CMA;COL;CSRA;CTXS;CXO;DFS;DISCA;DISCK;DISH;DOW;DPS;DXC;EMN;ESRX;ETFC;EVHC;FBHS;FL;FLIR;FMC;FOX;FOXA;GGP;GPS;HBI;HES;IPG;JNPR;JWN;K;KMX;KSS;KSU;LEG;LKQ;LLL;LNC;LUMN;LVLT;MAC;MHK;MJN;MNK;MON;MRO;NAVI;NBL;NFX;NLSN;NWL;PBCT;PDCO;PRGO;PXD;QRVO;RAI;RHI;RHT;RIG;RTN;SCG;SEE;SIG;SLG;SNI;SPLS;SRCL;STI;TDC;TGNA;TIF;TRIP;TSS;TWX;UA;UAA;VAR;VIAB;WBA;WFM;WU;WYN;XEC;XL;XLNX;XRX;YHOO
2017-05-18,506,401,0.2075098814229249,AAP;ADS;AET;AGN;AIV;ALXN;ANDV;APC;ARNC;ATVI;BBBY;BCR;BHI;BNY;CA;CELG;CERN;CHK;CMA;COL;CSRA;CTXS;CXO;DFS;DISCA;DISCK;DISH;DOW;DPS;DXC;EMN;ESRX;ETFC;EVHC;FBHS;FL;FLIR;FMC;FOX;FOXA;GGP;GPS;HBI;HES;IPG;JNPR;JWN;K;KMX;KSS;KSU;LEG;LKQ;LLL;LNC;LUMN;LVLT;MAC;MHK;MJN;MNK;MON;MRO;NAVI;NBL;NFX;NLSN;NWL;PBCT;PDCO;PRGO;PXD;QRVO;RAI;RHI;RHT;RIG;RTN;SCG;SEE;SIG;SLG;SNI;SPLS;SRCL;STI;TDC;TGNA;TIF;TRIP;TSS;TWX;UA;UAA;VAR;VIAB;WBA;WFM;WU;WYN;XEC;XL;XLNX;XRX;YHOO
2017-06-16,506,401,0.2075098814229249,AAP;ADS;AET;AGN;AIV;ALXN;ANDV;APC;ARNC;ATVI;BBBY;BCR;BHI;BNY;CA;CELG;CERN;CHK;CMA;COL;CSRA;CTXS;CXO;DFS;DISCA;DISCK;DISH;DOW;DPS;DXC;EMN;ESRX;ETFC;EVHC;FBHS;FL;FLIR;FMC;FOX;FOXA;GGP;GPS;HBI;HES;INFO;IPG;JNPR;JWN;K;KMX;KSS;KSU;LEG;LKQ;LLL;LNC;LUMN;LVLT;MAC;MHK;MJN;MNK;MON;MRO;NAVI;NBL;NFX;NLSN;NWL;PBCT;PDCO;PRGO;PXD;QRVO;RAI;RHI;RHT;RIG;RTN;SCG;SEE;SIG;SLG;SNI;SPLS;SRCL;STI;TDC;TIF;TRIP;TSS;TWX;UA;UAA;VAR;VIAB;WBA;WFM;WU;WYN;XEC;XL;XLNX;XRX;YHOO
2017-07-17,506,403,0.20355731225296442,AAP;ADS;AET;AGN;AIV;ALXN;ANDV;ANSS;APC;ARNC;ATVI;BBBY;BCR;BNY;CA;CELG;CERN;CHK;CMA;COL;CSRA;CTXS;CXO;DFS;DISCA;DISCK;DISH;DOW;DPS;DXC;EMN;ESRX;ETFC;EVHC;FBHS;FL;FLIR;FMC;FOX;FOXA;GGP;GPS;HBI;HES;INFO;IPG;JNPR;JWN;K;KMX;KSS;KSU;LEG;LKQ;LLL;LNC;LUMN;LVLT;MAC;MHK;MNK;MON;MRO;NAVI;NBL;NFX;NLSN;NWL;PBCT;PDCO;PRGO;PXD;QRVO;RAI;RE;RHI;RHT;RIG;RTN;SCG;SEE;SIG;SLG;SNI;SPLS;SRCL;STI;TIF;TRIP;TSS;TWX;UA;UAA;VAR;VIAB;WBA;WFM;WU;WYN;XEC;XL;XLNX;XRX
2017-08-15,506,406,0.1976284584980237,AAP;ADS;AET;AGN;AIV;ALXN;ANDV;ANSS;APC;ARNC;ATVI;BCR;BNY;CA;CELG;CERN;CHK;CMA;COL;CSRA;CTXS;CXO;DFS;DISCA;DISCK;DISH;DOW;DPS;DRE;DXC;EMN;ESRX;ETFC;EVHC;FBHS;FL;FLIR;FMC;FOX;FOXA;GGP;GPS;HBI;HES;INFO;IPG;JNPR;JWN;K;KMX;KSS;KSU;LEG;LKQ;LLL;LNC;LUMN;LVLT;MAC;MHK;MON;MRO;NAVI;NBL;NFX;NLSN;NWL;PBCT;PDCO;PRGO;PXD;QRVO;RE;RHI;RHT;RTN;SCG;SEE;SIG;SLG;SNI;SPLS;SRCL;STI;TIF;TRIP;TSS;TWX;UA;UAA;VAR;VIAB;WBA;WFM;WU;WYN;XEC;XL;XLNX;XRX
2017-09-13,505,406,0.19603960396039605,AAP;ADS;AET;AGN;AIV;ALXN;ANDV;ANSS;APC;ARNC;ATVI;BCR;BNY;CA;CELG;CERN;CHK;CMA;COL;CSRA;CTXS;CXO;DFS;DISCA;DISCK;DISH;DPS;DRE;DWDP;DXC;EMN;ESRX;ETFC;EVHC;FBHS;FL;FLIR;FMC;FOX;FOXA;GGP;GPS;HBI;HES;INFO;IPG;JNPR;JWN;K;KMX;KSS;KSU;LEG;LKQ;LLL;LNC;LUMN;LVLT;MAC;MHK;MON;MRO;NAVI;NBL;NFX;NLSN;NWL;PBCT;PDCO;PRGO;PXD;QRVO;RE;RHI;RHT;RTN;SCG;SEE;SIG;SLG;SNI;SPLS;SRCL;STI;TIF;TRIP;TSS;TWX;UA;UAA;VAR;VIAB;WBA;WU;WYN;XEC;XL;XLNX;XRX
2017-10-12,505,407,0.19405940594059407,AAP;ADS;AET;AGN;AIV;ALXN;ANDV;ANSS;APC;ARNC;ATVI;BCR;BNY;CA;CELG;CERN;CHK;CMA;COL;CSRA;CTXS;CXO;DFS;DISCA;DISCK;DISH;DPS;DRE;DWDP;DXC;EMN;ESRX;ETFC;EVHC;FBHS;FL;FLIR;FMC;FOX;FOXA;GGP;GPS;HBI;HES;INFO;IPG;JNPR;JWN;K;KMX;KSS;KSU;LEG;LKQ;LLL;LNC;LUMN;LVLT;MAC;MHK;MON;MRO;NAVI;NBL;NFX;NLSN;NWL;PBCT;PDCO;PRGO;PXD;QRVO;RE;RHI;RHT;RTN;SCG;SEE;SIG;SLG;SNI;SRCL;STI;TIF;TRIP;TSS;TWX;UA;UAA;VAR;VIAB;WBA;WU;WYN;XEC;XL;XLNX;XRX
2017-11-10,505,408,0.19207920792079208,AAP;ADS;AET;AGN;AIV;ALXN;ANDV;ANSS;APC;ARNC;ATVI;BCR;BNY;CA;CELG;CERN;CHK;CMA;COL;CSRA;CTXS;CXO;DFS;DISCA;DISCK;DISH;DPS;DRE;DWDP;DXC;EMN;ESRX;ETFC;EVHC;FBHS;FL;FLIR;FMC;FOX;FOXA;GGP;GPS;HBI;HES;INFO;IPG;JNPR;JWN;K;KMX;KSS;KSU;LEG;LKQ;LLL;LNC;LUMN;MAC;MHK;MON;MRO;NAVI;NBL;NFX;NLSN;NWL;PBCT;PDCO;PRGO;PXD;QRVO;RE;RHI;RHT;RTN;SCG;SEE;SIG;SLG;SNI;SRCL;STI;TIF;TRIP;TSS;TWX;UA;UAA;VAR;VIAB;WBA;WU;WYN;XEC;XL;XLNX;XRX
2017-12-11,505,408,0.19207920792079208,AAP;ADS;AET;AGN;AIV;ALXN;ANDV;ANSS;APC;ARNC;ATVI;BCR;BNY;CA;CELG;CERN;CHK;CMA;COL;CSRA;CTXS;CXO;DFS;DISCA;DISCK;DISH;DPS;DRE;DWDP;DXC;EMN;ESRX;ETFC;EVHC;FBHS;FL;FLIR;FMC;FOX;FOXA;GGP;GPS;HBI;HES;INFO;IPG;JNPR;JWN;K;KMX;KSS;KSU;LEG;LKQ;LLL;LNC;LUMN;MAC;MHK;MON;MRO;NAVI;NBL;NFX;NLSN;NWL;PBCT;PDCO;PRGO;PXD;QRVO;RE;RHI;RHT;RTN;SCG;SEE;SIG;SLG;SNI;SRCL;STI;TIF;TRIP;TSS;TWX;UA;UAA;VAR;VIAB;WBA;WU;WYN;XEC;XL;XLNX;XRX
2018-01-09,505,409,0.1900990099009901,AAP;ADS;AET;AGN;AIV;ALXN;ANDV;ANSS;APC;ARNC;ATVI;BNY;CA;CELG;CERN;CHK;CMA;COL;CSRA;CTXS;CXO;DFS;DISCA;DISCK;DISH;DPS;DRE;DWDP;DXC;EMN;ESRX;ETFC;EVHC;FBHS;FL;FLIR;FMC;FOX;FOXA;GGP;GPS;HBI;HES;INFO;IPG;JNPR;JWN;K;KMX;KSS;KSU;LEG;LKQ;LLL;LNC;LUMN;MAC;MHK;MON;MRO;NAVI;NBL;NFX;NLSN;NWL;PBCT;PDCO;PRGO;PXD;QRVO;RE;RHI;RHT;RTN;SCG;SEE;SIG;SLG;SNI;SRCL;STI;TIF;TRIP;TSS;TWX;UA;UAA;VAR;VIAB;WBA;WU;WYN;XEC;XL;XLNX;XRX
2018-02-07,505,409,0.1900990099009901,AAP;ADS;AET;AGN;AIV;ALXN;ANDV;ANSS;APC;ARNC;ATVI;BNY;CA;CELG;CERN;CHK;CMA;COL;CSRA;CTXS;CXO;DFS;DISCA;DISCK;DISH;DPS;DRE;DWDP;DXC;EMN;ESRX;ETFC;EVHC;FBHS;FL;FLIR;FMC;FOX;FOXA;GGP;GPS;HBI;HES;INFO;IPG;JNPR;JWN;K;KMX;KSS;KSU;LEG;LKQ;LLL;LNC;LUMN;MAC;MHK;MON;MRO;NAVI;NBL;NFX;NLSN;NWL;PBCT;PDCO;PRGO;PXD;QRVO;RE;RHI;RHT;RTN;SCG;SEE;SIG;SLG;SNI;SRCL;STI;TIF;TRIP;TSS;TWX;UA;UAA;VAR;VIAB;WBA;WU;WYN;XEC;XL;XLNX;XRX
2018-03-08,505,410,0.18811881188118812,AAP;ADS;AET;AGN;AIV;ALXN;ANDV;ANSS;APC;ARNC;ATVI;BNY;CA;CELG;CERN;CHK;CMA;COL;CSRA;CTXS;CXO;DFS;DISCA;DISCK;DISH;DPS;DRE;DWDP;DXC;EMN;ESRX;ETFC;EVHC;FBHS;FL;FLIR;FMC;FOX;FOXA;GGP;GPS;HBI;HES;INFO;IPG;JNPR;JWN;K;KMX;KSS;KSU;LEG;LKQ;LLL;LNC;LUMN;MAC;MHK;MON;MRO;NAVI;NBL;NFX;NLSN;NWL;PBCT;PDCO;PRGO;PXD;QRVO;RE;RHI;RHT;RTN;SCG;SEE;SIG;SLG;SRCL;STI;TIF;TRIP;TSS;TWX;UA;UAA;VAR;VIAB;WBA;WU;WYN;XEC;XL;XLNX;XRX
2018-04-06,505,412,0.18415841584158416,AAP;ADS;AET;AGN;AIV;ALXN;ANDV;ANSS;APC;ARNC;ATVI;BNY;CA;CELG;CERN;CMA;COL;CTXS;CXO;DFS;DISCA;DISCK;DISH;DPS;DRE;DWDP;DXC;EMN;ESRX;ETFC;EVHC;FBHS;FL;FLIR;FMC;FOX;FOXA;GGP;GPS;HBI;HES;INFO;IPG;JNPR;JWN;K;KMX;KSS;KSU;LEG;LKQ;LLL;LNC;LUMN;MAC;MHK;MON;MRO;NAVI;NBL;NFX;NKTR;NLSN;NWL;PBCT;PRGO;PXD;QRVO;RE;RHI;RHT;RTN;SCG;SEE;SIVB;SLG;SRCL;STI;TIF;TRIP;TSS;TWX;UA;UAA;VAR;VIAB;WBA;WU;WYN;XEC;XL;XLNX;XRX
2018-05-07,505,412,0.18415841584158416,AAP;ADS;AET;AGN;AIV;ALXN;ANDV;ANSS;APC;ARNC;ATVI;BNY;CA;CELG;CERN;CMA;COL;CTXS;CXO;DFS;DISCA;DISCK;DISH;DPS;DRE;DWDP;DXC;EMN;ESRX;ETFC;EVHC;FBHS;FL;FLIR;FMC;FOX;FOXA;GGP;GPS;HBI;HES;INFO;IPG;JNPR;JWN;K;KMX;KSS;KSU;LEG;LKQ;LLL;LNC;LUMN;MAC;MHK;MON;MRO;NAVI;NBL;NFX;NKTR;NLSN;NWL;PBCT;PRGO;PXD;QRVO;RE;RHI;RHT;RTN;SCG;SEE;SIVB;SLG;SRCL;STI;TIF;TRIP;TSS;TWX;UA;UAA;VAR;VIAB;WBA;WU;WYN;XEC;XL;XLNX;XRX
2018-06-05,505,413,0.18217821782178217,AAP;ABMD;ADS;AET;AGN;AIV;ALXN;ANDV;ANSS;APC;ARNC;ATVI;BNY;CA;CELG;CERN;CMA;COL;CTXS;CXO;DFS;DISCA;DISCK;DISH;DPS;DRE;DWDP;DXC;EMN;ESRX;ETFC;EVHC;FBHS;FL;FLIR;FMC;FOX;FOXA;GGP;GPS;HBI;HES;INFO;IPG;JNPR;JWN;K;KMX;KSS;KSU;LEG;LKQ;LLL;LNC;LUMN;MAC;MHK;MON;MRO;NBL;NFX;NKTR;NLSN;NWL;PBCT;PRGO;PXD;QRVO;RE;RHI;RHT;RTN;SCG;SEE;SIVB;SLG;SRCL;STI;TIF;TRIP;TSS;TWX;UA;UAA;VAR;VIAB;WBA;WU;XEC;XL;XLNX;XRX
2018-07-04,505,0,1.0,A;AAL;AAP;AAPL;ABBV;ABMD;ABT;ACN;ADBE;ADI;ADM;ADP;ADS;ADSK;AEE;AEP;AES;AET;AFL;AGN;AIG;AIV;AIZ;AJG;AKAM;ALB;ALGN;ALK;ALL;ALLE;ALXN;AMAT;AMD;AME;AMG;AMGN;AMP;AMT;AMZN;ANDV;ANSS;AON;AOS;APA;APC;APD;APH;APTV;ARE;ARNC;ATVI;AVB;AVGO;AVY;AWK;AXP;AZO;BA;BAC;BALL;BAX;BBWI;BBY;BDX;BEN;BF-B;BHF;BIIB;BKNG;BKR;BLK;BMY;BNY;BR;BRK-B;BSX;BWA;BXP;C;CA;CAG;CAH;CAT;CB;CBOE;CBRE;CCI;CCL;CDNS;CELG;CERN;CF;CFG;CHD;CHRW;CHTR;CI;CINF;CL;CLX;CMA;CMCSA;CME;CMG;CMI;CMS;CNC;CNP;COF;COL;COO;COP;COR;COST;COTY;CPAY;CPB;CPRI;CPRT;CRM;CSCO;CSX;CTAS;CTRA;CTSH;CTXS;CVS;CVX;CXO;D;DAL;DE;DFS;DG;DGX;DHI;DHR;DIS;DISCA;DISCK;DISH;DLR;DLTR;DOC;DOV;DRE;DRI;DTE;DUK;DVA;DVN;DWDP;DXC;EA;EBAY;ECL;ED;EFX;EIX;EL;ELV;EMN;EMR;EOG;EQIX;EQR;EQT;ES;ESRX;ESS;ETFC;ETN;ETR;EVHC;EVRG;EW;EXC;EXPD;EXPE;EXR;F;FAST;FBHS;FCX;FDX;FE;FFIV;FIS;FISV;FITB;FL;FLIR;FLR;FLS;FMC;FOX;FOXA;FRT;FTI;FTV;GD;GE;GEN;GGP;GILD;GIS;GL;GLW;GM;GOOG;GOOGL;GPC;GPN;GPS;GRMN;GS;GT;GWW;HAL;HAS;HBAN;HBI;HCA;HD;HES;HFC;HIG;HII;HLT;HOG;HOLX;HON;HP;HPE;HPQ;HRB;HRL;HSIC;HST;HSY;HUM;IBM;ICE;IDXX;IFF;ILMN;INCY;INFO;INTC;INTU;IP;IPG;IPGP;IQV;IRM;ISRG;IT;ITW;IVZ;J;JBHT;JCI;JEF;JNJ;JNPR;JPM;JWN;K;KEY;KHC;KIM;KLAC;KMB;KMI;KMX;KO;KR;KSS;KSU;L;LEG;LEN;LH;LHX;LIN;LKQ;LLL;LLY;LMT;LNC;LNT;LOW;LRCX;LUMN;LUV;LYB;M;MA;MAA;MAC;MAR;MAS;MAT;MCD;MCHP;MCK;MCO;MDLZ;MDT;MET;META;MGM;MHK;MKC;MLM;MMM;MNST;MO;MOS;MPC;MRK;MRO;MRSH;MS;MSCI;MSFT;MSI;MTB;MTD;MU;NBL;NCLH;NDAQ;NEE;NEM;NFLX;NFX;NI;NKE;NKTR;NLSN;NOC;NOV;NRG;NSC;NTAP;NTRS;NUE;NVDA;NWL;NWS;NWSA;O;OKE;OMC;ORCL;ORLY;OXY;PAYX;PBCT;PCAR;PCG;PEG;PEP;PFE;PFG;PG;PGR;PH;PHM;PKG;PLD;PM;PNC;PNR;PNW;PPG;PPL;PRGO;PRU;PSA;PSKY;PSX;PVH;PWR;PXD;PYPL;QCOM;QRVO;RCL;RE;REG;REGN;RF;RHI;RHT;RJF;RL;RMD;ROK;ROP;ROST;RSG;RTN;RTX;RVTY;SBAC;SBUX;SCG;SCHW;SEE;SHW;SIVB;SJM;SLB;SLG;SNA;SNPS;SO;SPG;SPGI;SRCL;SRE;STI;STT;STX;STZ;SW;SWK;SWKS;SYF;SYK;SYY;T;TAP;TDG;TEL;TFC;TGT;TIF;TJX;TMO;TPR;TRIP;TROW;TRV;TSCO;TSN;TSS;TT;TTWO;TWTR;TXN;TXT;UA;UAA;UAL;UDR;UHS;ULTA;UNH;UNM;UNP;UPS;URI;USB;V;VAR;VFC;VIAB;VLO;VMC;VNO;VRSK;VRSN;VRTX;VTR;VTRS;VZ;WAT;WBA;WDC;WEC;WELL;WFC;WHR;WM;WMB;WMT;WTW;WU;WY;WYNN;XEC;XEL;XL;XLNX;XOM;XRAY;XRX;XYL;YUM;ZBH;ZION;ZTS
2018-08-02,505,414,0.1801980198019802,AAP;ABMD;ADS;AET;AGN;AIV;ALXN;ANDV;ANSS;APC;ARNC;ATVI;BNY;CA;CELG;CERN;CMA;COL;CTXS;CXO;DFS;DISCA;DISCK;DISH;DRE;DWDP;DXC;EMN;ESRX;ETFC;EVHC;FBHS;FL;FLIR;FMC;FOX;FOXA;GGP;GPS;HBI;HES;HFC;INFO;IPG;JNPR;JWN;K;KMX;KSS;KSU;LEG;LKQ;LLL;LNC;LUMN;MAC;MHK;MRO;NBL;NFX;NKTR;NLSN;NWL;PBCT;PRGO;PXD;QRVO;RE;RHI;RHT;RTN;SCG;SEE;SIVB;SLG;SRCL;STI;TIF;TRIP;TSS;TWTR;UA;UAA;VAR;VIAB;WBA;WU;XEC;XL;XLNX;XRX
2018-08-31,505,415,0.1782178217821782,AAP;ABMD;ADS;AET;AGN;AIV;ALXN;ANDV;ANSS;APC;ARNC;ATVI;BNY;CA;CELG;CERN;CMA;COL;CTXS;CXO;DFS;DISCA;DISCK;DISH;DRE;DWDP;DXC;EMN;ESRX;ETFC;EVHC;FBHS;FL;FLIR;FMC;FOX;FOXA;GPS;HBI;HES;HFC;INFO;IPG;JNPR;JWN;K;KMX;KSS;KSU;LEG;LKQ;LLL;LNC;LUMN;MAC;MHK;MRO;NBL;NFX;NKTR;NLSN;NWL;PBCT;PRGO;PXD;QRVO;RE;RHI;RHT;RTN;SCG;SEE;SIVB;SLG;SRCL;STI;TIF;TRIP;TSS;TWTR;UA;UAA;VAR;VIAB;WBA;WU;XEC;XL;XLNX;XRX
2018-10-01,505,416,0.17623762376237623,AAP;ABMD;ADS;AET;AGN;AIV;ALXN;ANSS;APC;ARNC;ATVI;BNY;CA;CELG;CERN;CMA;COL;CTXS;CXO;DFS;DISCA;DISCK;DISH;DRE;DWDP;DXC;EMN;ESRX;ETFC;EVHC;FBHS;FL;FLIR;FMC;FOX;FOXA;GPS;HBI;HES;HFC;INFO;IPG;JNPR;JWN;K;KMX;KSS;KSU;LEG;LKQ;LLL;LNC;LUMN;MAC;MHK;MRO;NBL;NFX;NKTR;NLSN;NWL;PBCT;PRGO;PXD;QRVO;RE;RHI;RHT;RTN;SCG;SEE;SIVB;SLG;SRCL;STI;TIF;TRIP;TSS;TWTR;UA;UAA;VAR;VIAB;WBA;WCG;WU;XEC;XLNX;XRX
2018-10-30,505,417,0.17425742574257425,AAP;ABMD;ADS;AET;AGN;AIV;ALXN;ANSS;APC;ARNC;ATVI;BNY;CA;CELG;CERN;CMA;COL;CTXS;CXO;DFS;DISCA;DISCK;DISH;DRE;DWDP;DXC;EMN;ESRX;ETFC;FBHS;FL;FLIR;FMC;FOX;FOXA;GPS;HBI;HES;HFC;INFO;IPG;JNPR;JWN;K;KMX;KSS;KSU;LEG;LKQ;LLL;LNC;LUMN;MAC;MHK;MRO;NBL;NFX;NKTR;NLSN;NWL;PBCT;PRGO;PXD;QRVO;RE;RHI;RHT;RTN;SCG;SEE;SIVB;SLG;SRCL;STI;TIF;TRIP;TSS;TWTR;UA;UAA;VAR;VIAB;WBA;WCG;WU;XEC;XLNX;XRX
2018-11-28,505,418,0.17227722772277226,AAP;ABMD;ADS;AET;AGN;AIV;ALXN;ANSS;APC;ARNC;ATVI;BNY;CELG;CERN;CMA;COL;CTXS;CXO;DFS;DISCA;DISCK;DISH;DRE;DWDP;DXC;EMN;ESRX;ETFC;FBHS;FL;FLIR;FMC;FOX;FOXA;GPS;HBI;HES;HFC;INFO;IPG;JNPR;JWN;K;KMX;KSS;KSU;LEG;LKQ;LLL;LNC;LUMN;MAC;MHK;MRO;NBL;NFX;NKTR;NLSN;NWL;PBCT;PRGO;PXD;QRVO;RE;RHI;RHT;RTN;SCG;SEE;SIVB;SLG;SRCL;STI;TIF;TRIP;TSS;TWTR;UA;UAA;VAR;VIAB;WBA;WCG;WU;XEC;XLNX;XRX
2018-12-27,505,419,0.1702970297029703,AAP;ABMD;ADS;AGN;AIV;ALXN;ANSS;APC;ARNC;ATVI;BNY;CE;CELG;CERN;CMA;CTXS;CXO;DFS;DISCA;DISCK;DISH;DRE;DWDP;DXC;EMN;ETFC;FBHS;FL;FLIR;FMC;FOX;FOXA;GPS;HBI;HES;HFC;INFO;IPG;JNPR;JWN;K;KMX;KSS;KSU;LEG;LKQ;LLL;LNC;LUMN;LW;MAC;MHK;MRO;MXIM;NBL;NFX;NKTR;NLSN;NWL;PBCT;PRGO;PXD;QRVO;RE;RHI;RHT;RTN;SCG;SEE;SIVB;SLG;STI;TIF;TRIP;TSS;TWTR;UA;UAA;VAR;VIAB;WBA;WCG;WU;XEC;XLNX;XRX
2019-01-25,505,418,0.17227722772277226,AAP;ABMD;ADS;AGN;AIV;ALXN;ANSS;APC;ARNC;ATVI;BNY;CE;CELG;CERN;CMA;CTXS;CXO;DFS;DISCA;DISCK;DISH;DRE;DWDP;DXC;EMN;ETFC;FBHS;FL;FLIR;FMC;FOX;FOXA;FRC;GPS;HBI;HES;HFC;INFO;IPG;JNPR;JWN;K;KMX;KSS;KSU;LEG;LKQ;LLL;LNC;LUMN;LW;MAC;MHK;MRO;MXIM;NBL;NFX;NKTR;NLSN;NWL;PBCT;PRGO;PXD;QRVO;RE;RHI;RHT;RTN;SEE;SIVB;SLG;STI;TFX;TIF;TRIP;TSS;TWTR;UA;UAA;VAR;VIAB;WBA;WCG;WU;XEC;XLNX;XRX
2019-02-25,505,419,0.1702970297029703,AAP;ABMD;ADS;AGN;AIV;ALXN;ANSS;APC;ARNC;ATVI;BNY;CE;CELG;CERN;CMA;CTXS;CXO;DFS;DISCA;DISCK;DISH;DRE;DWDP;DXC;EMN;ETFC;FBHS;FL;FLIR;FMC;FOX;FOXA;FRC;GPS;HBI;HES;HFC;INFO;IPG;JNPR;JWN;K;KMX;KSS;KSU;LEG;LKQ;LLL;LNC;LUMN;LW;MAC;MHK;MRO;MXIM;NBL;NKTR;NLSN;NWL;PBCT;PRGO;PXD;QRVO;RE;RHI;RHT;RTN;SEE;SIVB;SLG;STI;TFX;TIF;TRIP;TSS;TWTR;UA;UAA;VAR;VIAB;WBA;WCG;WU;XEC;XLNX;XRX
2019-03-26,505,421,0.16633663366336635,AAP;ABMD;ADS;AGN;AIV;ALXN;ANSS;APC;ARNC;ATVI;BNY;CE;CELG;CERN;CMA;CTXS;CXO;DFS;DISCA;DISCK;DISH;DRE;DWDP;DXC;EMN;ETFC;FBHS;FL;FLIR;FMC;FRC;GPS;HBI;HES;HFC;INFO;IPG;JNPR;JWN;K;KMX;KSS;KSU;LEG;LKQ;LLL;LNC;LUMN;LW;MAC;MHK;MRO;MXIM;NBL;NKTR;NLSN;NWL;PBCT;PRGO;PXD;QRVO;RE;RHI;RHT;RTN;SEE;SIVB;SLG;STI;TFX;TIF;TRIP;TSS;TWTR;UA;UAA;VAR;VIAB;WBA;WCG;WU;XEC;XLNX;XRX
2019-04-24,505,421,0.16633663366336635,AAP;ABMD;ADS;AGN;AIV;ALXN;ANSS;APC;ARNC;ATVI;BNY;CE;CELG;CERN;CMA;CTXS;CXO;DFS;DISCA;DISCK;DISH;DRE;DWDP;DXC;EMN;ETFC;FBHS;FL;FLIR;FMC;FRC;GPS;HBI;HES;HFC;INFO;IPG;JNPR;JWN;K;KMX;KSS;KSU;LEG;LKQ;LLL;LNC;LUMN;LW;MAC;MHK;MRO;MXIM;NBL;NKTR;NLSN;NWL;PBCT;PRGO;PXD;QRVO;RE;RHI;RHT;RTN;SEE;SIVB;SLG;STI;TFX;TIF;TRIP;TSS;TWTR;UA;UAA;VAR;VIAB;WBA;WCG;WU;XEC;XLNX;XRX
2019-05-23,505,421,0.16633663366336635,AAP;ABMD;ADS;AGN;AIV;ALXN;ANSS;APC;ARNC;ATVI;BNY;CE;CELG;CERN;CMA;CTXS;CXO;DFS;DISCA;DISCK;DISH;DRE;DWDP;DXC;EMN;ETFC;FBHS;FL;FLIR;FMC;FRC;GPS;HBI;HES;HFC;INFO;IPG;JNPR;JWN;K;KMX;KSS;KSU;LEG;LKQ;LLL;LNC;LUMN;LW;MAC;MHK;MRO;MXIM;NBL;NKTR;NLSN;NWL;PBCT;PRGO;PXD;QRVO;RE;RHI;RHT;RTN;SEE;SIVB;SLG;STI;TFX;TIF;TRIP;TSS;TWTR;UA;UAA;VAR;VIAB;WBA;WCG;WU;XEC;XLNX;XRX
2019-06-21,505,422,0.16435643564356436,AAP;ABMD;ADS;AGN;AIV;ALXN;ANSS;APC;ARNC;ATVI;BNY;CE;CELG;CERN;CMA;CTXS;CXO;DFS;DISCA;DISCK;DISH;DRE;DXC;EMN;ETFC;FBHS;FL;FLIR;FMC;FRC;GPS;HBI;HES;HFC;INFO;IPG;JNPR;JWN;K;KMX;KSS;KSU;LEG;LKQ;LLL;LNC;LUMN;LW;MAC;MHK;MRO;MXIM;NBL;NKTR;NLSN;NWL;PBCT;PRGO;PXD;QRVO;RE;RHI;RHT;RTN;SEE;SIVB;SLG;STI;TFX;TIF;TRIP;TSS;TWTR;UA;UAA;VAR;VIAB;WBA;WCG;WU;XEC;XLNX;XRX
2019-07-22,505,423,0.16237623762376238,AAP;ABMD;ADS;AGN;AIV;ALXN;ANSS;APC;ARNC;ATVI;BNY;CE;CELG;CERN;CMA;CTXS;CXO;DFS;DISCA;DISCK;DISH;DRE;DXC;EMN;ETFC;FBHS;FL;FLIR;FMC;FRC;GPS;HBI;HES;HFC;INFO;IPG;JNPR;JWN;K;KMX;KSS;KSU;LEG;LKQ;LNC;LUMN;LW;MAC;MHK;MKTX;MRO;MXIM;NBL;NKTR;NLSN;NWL;PBCT;PRGO;PXD;QRVO;RE;RHI;RTN;SEE;SIVB;SLG;STI;TFX;TIF;TRIP;TSS;TWTR;UA;UAA;VAR;VIAB;WBA;WCG;WU;XEC;XLNX;XRX
2019-08-20,505,425,0.15841584158415842,AAP;ABMD;ADS;AGN;AIV;ALXN;ANSS;ARNC;ATVI;BNY;CE;CELG;CERN;CMA;CTXS;CXO;DFS;DISCA;DISCK;DISH;DRE;DXC;EMN;ETFC;FBHS;FLIR;FMC;FRC;GPS;HBI;HES;HFC;INFO;IPG;JNPR;JWN;K;KMX;KSS;KSU;LEG;LKQ;LNC;LUMN;LW;MAC;MHK;MKTX;MRO;MXIM;NBL;NKTR;NLSN;NWL;PBCT;PRGO;PXD;QRVO;RE;RHI;RTN;SEE;SIVB;SLG;STI;TFX;TIF;TRIP;TSS;TWTR;UA;UAA;VAR;VIAB;WBA;WCG;WU;XEC;XLNX;XRX
2019-09-18,505,425,0.15841584158415842,AAP;ABMD;ADS;AGN;AIV;ALXN;ANSS;ARNC;ATVI;BNY;CE;CELG;CERN;CMA;CTXS;CXO;DFS;DISCA;DISCK;DISH;DRE;DXC;EMN;ETFC;FBHS;FLIR;FMC;FRC;GPS;HBI;HES;HFC;INFO;IPG;JNPR;JWN;K;KMX;KSS;KSU;LEG;LKQ;LNC;LUMN;LW;MAC;MHK;MKTX;MRO;MXIM;NBL;NKTR;NLSN;NWL;PBCT;PRGO;PXD;QRVO;RE;RHI;RTN;SEE;SIVB;SLG;STI;TFX;TIF;TRIP;TSS;TWTR;UA;UAA;VAR;VIAB;WBA;WCG;WU;XEC;XLNX;XRX
2019-10-17,505,427,0.15445544554455445,AAP;ABMD;ADS;AGN;AIV;ALXN;ANSS;ARNC;ATVI;BNY;CE;CELG;CERN;CMA;CTXS;CXO;DFS;DISCA;DISCK;DISH;DRE;DXC;EMN;ETFC;FBHS;FLIR;FMC;FRC;GPS;HBI;HES;HFC;INFO;IPG;JNPR;JWN;K;KMX;KSS;KSU;LEG;LKQ;LNC;LUMN;LW;MAC;MHK;MKTX;MRO;MXIM;NBL;NLSN;NWL;PBCT;PRGO;PXD;QRVO;RE;RHI;RTN;SEE;SIVB;SLG;STI;TFX;TIF;TRIP;TWTR;UA;UAA;VAR;VIAB;WBA;WCG;WU;XEC;XLNX;XRX
2019-11-15,505,427,0.15445544554455445,AAP;ABMD;ADS;AGN;AIV;ALXN;ANSS;ARNC;ATVI;BNY;CE;CELG;CERN;CMA;CTXS;CXO;DFS;DISCA;DISCK;DISH;DRE;DXC;EMN;ETFC;FBHS;FLIR;FMC;FRC;GPS;HBI;HES;HFC;INFO;IPG;JNPR;JWN;K;KMX;KSS;KSU;LEG;LKQ;LNC;LUMN;LW;MAC;MHK;MKTX;MRO;MXIM;NBL;NLSN;NWL;PBCT;PRGO;PXD;QRVO;RE;RHI;RTN;SEE;SIVB;SLG;STI;TFX;TIF;TRIP;TWTR;UA;UAA;VAR;VIAB;WBA;WCG;WU;XEC;XLNX;XRX
2019-12-16,505,430,0.1485148514851485,AAP;ABMD;ADS;AGN;AIV;ALXN;ANSS;ARNC;ATVI;BNY;CE;CERN;CMA;CTXS;CXO;DFS;DISCA;DISCK;DISH;DRE;DXC;EMN;ETFC;FBHS;FLIR;FMC;FRC;GPS;HBI;HES;HFC;INFO;IPG;JNPR;JWN;K;KMX;KSS;KSU;LEG;LKQ;LNC;LUMN;LW;MAC;MHK;MKTX;MRO;MXIM;NBL;NLSN;NWL;PBCT;PRGO;PXD;QRVO;RE;RHI;RTN;SEE;SIVB;SLG;TFX;TIF;TRIP;TWTR;UA;UAA;VAR;WBA;WCG;WU;XEC;XLNX;XRX
2020-01-14,505,432,0.14455445544554454,AAP;ABMD;ADS;AGN;AIV;ALXN;ANSS;ARNC;ATVI;BNY;CE;CERN;CMA;CTXS;CXO;DFS;DISCA;DISCK;DISH;DRE;DXC;EMN;ETFC;FBHS;FLIR;FMC;FRC;GPS;HBI;HES;HFC;INFO;IPG;JNPR;JWN;K;KMX;KSS;KSU;LEG;LKQ;LNC;LUMN;LW;MHK;MKTX;MRO;MXIM;NBL;NLSN;NWL;PBCT;PRGO;PXD;QRVO;RE;RHI;RTN;SEE;SIVB;SLG;TFX;TIF;TWTR;UA;UAA;VAR;WBA;WCG;WU;XEC;XLNX;XRX
2020-02-12,505,432,0.14455445544554454,AAP;ABMD;ADS;AGN;AIV;ALXN;ANSS;ARNC;ATVI;BNY;CE;CERN;CMA;CTXS;CXO;DFS;DISCA;DISCK;DISH;DRE;DXC;EMN;ETFC;FBHS;FLIR;FMC;FRC;GPS;HBI;HES;HFC;INFO;IPG;JNPR;JWN;K;KMX;KSS;KSU;LEG;LKQ;LNC;LUMN;LW;MHK;MKTX;MRO;MXIM;NBL;NLSN;NWL;PAYC;PBCT;PRGO;PXD;QRVO;RE;RHI;RTN;SEE;SIVB;SLG;TFX;TIF;TWTR;UA;UAA;VAR;WBA;WU;XEC;XLNX;XRX
2020-03-12,505,433,0.14257425742574256,AAP;ABMD;ADS;AGN;AIV;ALXN;ANSS;ARNC;ATVI;BNY;CE;CERN;CMA;CTXS;CXO;DFS;DISCA;DISCK;DISH;DRE;DXC;EMN;ETFC;FBHS;FLIR;FMC;FRC;GPS;HBI;HES;HFC;INFO;IPG;JNPR;JWN;K;KMX;KSS;KSU;LEG;LKQ;LNC;LUMN;LW;MHK;MKTX;MRO;MXIM;NBL;NLSN;NWL;PAYC;PBCT;PRGO;PXD;QRVO;RE;RHI;RTN;SEE;SIVB;SLG;TFX;TIF;TWTR;UA;UAA;VAR;WBA;WU;XLNX;XRX
2020-04-10,505,0,1.0,A;AAL;AAP;AAPL;ABBV;ABMD;ABT;ACN;ADBE;ADI;ADM;ADP;ADS;ADSK;AEE;AEP;AES;AFL;AGN;AIG;AIV;AIZ;AJG;AKAM;ALB;ALGN;ALK;ALL;ALLE;ALXN;AMAT;AMCR;AMD;AME;AMGN;AMP;AMT;AMZN;ANET;ANSS;AON;AOS;APA;APD;APH;APTV;ARE;ATO;ATVI;AVB;AVGO;AVY;AWK;AXP;AZO;BA;BAC;BALL;BAX;BBWI;BBY;BDX;BEN;BF-B;BIIB;BKNG;BKR;BLK;BMY;BNY;BR;BRK-B;BSX;BWA;BXP;C;CAG;CAH;CARR;CAT;CB;CBOE;CBRE;CCI;CCL;CDNS;CDW;CE;CERN;CF;CFG;CHD;CHRW;CHTR;CI;CINF;CL;CLX;CMA;CMCSA;CME;CMG;CMI;CMS;CNC;CNP;COF;COO;COP;COR;COST;COTY;CPAY;CPB;CPRI;CPRT;CRM;CSCO;CSX;CTAS;CTRA;CTSH;CTVA;CTXS;CVS;CVX;CXO;D;DAL;DD;DE;DFS;DG;DGX;DHI;DHR;DIS;DISCA;DISCK;DISH;DLR;DLTR;DOC;DOV;DOW;DRE;DRI;DTE;DUK;DVA;DVN;DXC;EA;EBAY;ECL;ED;EFX;EIX;EL;ELV;EMN;EMR;EOG;EQIX;EQR;ES;ESS;ETFC;ETN;ETR;EVRG;EW;EXC;EXPD;EXPE;EXR;F;FANG;FAST;FBHS;FCX;FDX;FE;FFIV;FIS;FISV;FITB;FLIR;FLS;FMC;FOX;FOXA;FRC;FRT;FTI;FTNT;FTV;GD;GE;GEN;GILD;GIS;GL;GLW;GM;GOOG;GOOGL;GPC;GPN;GPS;GRMN;GS;GWW;HAL;HAS;HBAN;HBI;HCA;HD;HES;HFC;HIG;HII;HLT;HOG;HOLX;HON;HP;HPE;HPQ;HRB;HRL;HSIC;HST;HSY;HUM;HWM;IBM;ICE;IDXX;IEX;IFF;ILMN;INCY;INFO;INTC;INTU;IP;IPG;IPGP;IQV;IR;IRM;ISRG;IT;ITW;IVZ;J;JBHT;JCI;JKHY;JNJ;JNPR;JPM;JWN;K;KEY;KEYS;KHC;KIM;KLAC;KMB;KMI;KMX;KO;KR;KSS;KSU;L;LDOS;LEG;LEN;LH;LHX;LIN;LKQ;LLY;LMT;LNC;LNT;LOW;LRCX;LUMN;LUV;LVS;LW;LYB;LYV;MA;MAA;MAR;MAS;MCD;MCHP;MCK;MCO;MDLZ;MDT;MET;META;MGM;MHK;MKC;MKTX;MLM;MMM;MNST;MO;MOS;MPC;MRK;MRO;MRSH;MS;MSCI;MSFT;MSI;MTB;MTD;MU;MXIM;NBL;NCLH;NDAQ;NEE;NEM;NFLX;NI;NKE;NLSN;NOC;NOV;NOW;NRG;NSC;NTAP;NTRS;NUE;NVDA;NVR;NWL;NWS;NWSA;O;ODFL;OKE;OMC;ORCL;ORLY;OTIS;OXY;PAYC;PAYX;PBCT;PCAR;PEG;PEP;PFE;PFG;PG;PGR;PH;PHM;PKG;PLD;PM;PNC;PNR;PNW;PPG;PPL;PRGO;PRU;PSA;PSKY;PSX;PVH;PWR;PXD;PYPL;QCOM;QRVO;RCL;RE;REG;REGN;RF;RHI;RJF;RL;RMD;ROK;ROL;ROP;ROST;RSG;RTX;RVTY;SBAC;SBUX;SCHW;SEE;SHW;SIVB;SJM;SLB;SLG;SNA;SNPS;SO;SPG;SPGI;SRE;STE;STT;STX;STZ;SW;SWK;SWKS;SYF;SYK;SYY;T;TAP;TDG;TEL;TFC;TFX;TGT;TIF;TJX;TMO;TMUS;TPR;TROW;TRV;TSCO;TSN;TT;TTWO;TWTR;TXN;TXT;UA;UAA;UAL;UDR;UHS;ULTA;UNH;UNM;UNP;UPS;URI;USB;V;VAR;VFC;VLO;VMC;VNO;VRSK;VRSN;VRTX;VTR;VTRS;VZ;WAB;WAT;WBA;WDC;WEC;WELL;WFC;WHR;WM;WMB;WMT;WRB;WTW;WU;WY;WYNN;XEL;XLNX;XOM;XRAY;XRX;XYL;YUM;ZBH;ZBRA;ZION;ZTS
2020-05-11,505,435,0.13861386138613863,AAP;ABMD;ADS;AGN;AIV;ALXN;ANSS;ATVI;BNY;CE;CERN;CMA;CTXS;CXO;DFS;DISCA;DISCK;DISH;DRE;DXC;EMN;ETFC;FBHS;FLIR;FMC;FRC;GPS;HBI;HES;HFC;INFO;IPG;JNPR;JWN;K;KMX;KSS;KSU;LEG;LKQ;LNC;LUMN;LW;MHK;MKTX;MRO;MXIM;NBL;NLSN;NWL;PAYC;PBCT;PRGO;PXD;QRVO;RE;RHI;SEE;SIVB;SLG;TFX;TIF;TWTR;UA;UAA;VAR;WBA;WU;XLNX;XRX
2020-06-09,505,436,0.13663366336633664,AAP;ABMD;ADS;AIV;ALXN;ANSS;ATVI;BNY;CE;CERN;CMA;CTXS;CXO;DFS;DISCA;DISCK;DISH;DRE;DXC;EMN;ETFC;FBHS;FLIR;FMC;FRC;GPS;HBI;HES;HFC;INFO;IPG;JNPR;JWN;K;KMX;KSS;KSU;LEG;LKQ;LNC;LUMN;LW;MHK;MKTX;MRO;MXIM;NBL;NLSN;NWL;PAYC;PBCT;PRGO;PXD;QRVO;RE;RHI;SEE;SIVB;SLG;TFX;TIF;TWTR;UA;UAA;VAR;WBA;WU;XLNX;XRX
2020-07-08,505,438,0.13267326732673268,AAP;ABMD;AIV;ALXN;ANSS;ATVI;BNY;CE;CERN;CMA;CTXS;CXO;DFS;DISCA;DISCK;DISH;DRE;DXC;EMN;ETFC;FBHS;FLIR;FMC;FRC;GPS;HBI;HES;HFC;INFO;IPG;JNPR;K;KMX;KSS;KSU;LEG;LKQ;LNC;LUMN;LW;MHK;MKTX;MRO;MXIM;NBL;NLSN;NWL;PAYC;PBCT;PRGO;PXD;QRVO;RE;RHI;SEE;SIVB;SLG;TFX;TIF;TWTR;UA;UAA;VAR;WBA;WU;XLNX;XRX
2020-08-06,505,438,0.13267326732673268,AAP;ABMD;AIV;ALXN;ANSS;ATVI;BNY;CE;CERN;CMA;CTXS;CXO;DFS;DISCA;DISCK;DISH;DRE;DXC;EMN;ETFC;FBHS;FLIR;FMC;FRC;GPS;HBI;HES;HFC;INFO;IPG;JNPR;K;KMX;KSS;KSU;LEG;LKQ;LNC;LUMN;LW;MHK;MKTX;MRO;MXIM;NBL;NLSN;NWL;PAYC;PBCT;PRGO;PXD;QRVO;RE;RHI;SEE;SIVB;SLG;TFX;TIF;TWTR;UA;UAA;VAR;WBA;WU;XLNX;XRX
2020-09-04,505,438,0.13267326732673268,AAP;ABMD;AIV;ALXN;ANSS;ATVI;BNY;CE;CERN;CMA;CTXS;CXO;DFS;DISCA;DISCK;DISH;DRE;DXC;EMN;ETFC;FBHS;FLIR;FMC;FRC;GPS;HBI;HES;HFC;INFO;IPG;JNPR;K;KMX;KSS;KSU;LEG;LKQ;LNC;LUMN;LW;MHK;MKTX;MRO;MXIM;NBL;NLSN;NWL;PAYC;PBCT;PRGO;PXD;QRVO;RE;RHI;SEE;SIVB;SLG;TFX;TIF;TWTR;UA;UAA;VAR;WBA;WU;XLNX;XRX
2020-10-05,505,437,0.13465346534653466,AAP;ABMD;AIV;ALXN;ANSS;ATVI;BNY;CE;CERN;CMA;CTLT;CTXS;CXO;DFS;DISCA;DISCK;DISH;DRE;DXC;EMN;ETFC;ETSY;FBHS;FLIR;FMC;FRC;GPS;HBI;HES;HFC;INFO;IPG;JNPR;K;KMX;KSU;LEG;LKQ;LNC;LUMN;LW;MHK;MKTX;MRO;MXIM;NBL;NLSN;NWL;PAYC;PBCT;PRGO;PXD;QRVO;RE;RHI;SEE;SIVB;SLG;TFX;TIF;TWTR;UA;UAA;VAR;WBA;WU;XLNX;XRX
2020-11-03,505,439,0.1306930693069307,AAP;ABMD;AIV;ALXN;ANSS;ATVI;BNY;CE;CERN;CMA;CTLT;CTXS;CXO;DFS;DISCA;DISCK;DISH;DRE;DXC;EMN;ETSY;FBHS;FLIR;FMC;FRC;GPS;HBI;HES;HFC;INFO;IPG;JNPR;K;KMX;KSU;LEG;LKQ;LNC;LUMN;LW;MHK;MKTX;MRO;MXIM;NLSN;NWL;PAYC;PBCT;PRGO;PXD;QRVO;RE;RHI;SEE;SIVB;SLG;TFX;TIF;TWTR;UA;UAA;VAR;WBA;WU;XLNX;XRX
2020-12-02,505,439,0.1306930693069307,AAP;ABMD;AIV;ALXN;ANSS;ATVI;BNY;CE;CERN;CMA;CTLT;CTXS;CXO;DFS;DISCA;DISCK;DISH;DRE;DXC;EMN;ETSY;FBHS;FLIR;FMC;FRC;GPS;HBI;HES;HFC;INFO;IPG;JNPR;K;KMX;KSU;LEG;LKQ;LNC;LUMN;LW;MHK;MKTX;MRO;MXIM;NLSN;NWL;PAYC;PBCT;PRGO;PXD;QRVO;RE;RHI;SEE;SIVB;SLG;TFX;TIF;TWTR;UA;UAA;VAR;WBA;WU;XLNX;XRX
2020-12-31,505,440,0.12871287128712872,AAP;ABMD;ALXN;ANSS;ATVI;BNY;CE;CERN;CMA;CTLT;CTXS;CXO;DFS;DISCA;DISCK;DISH;DRE;DXC;EMN;ETSY;FBHS;FLIR;FMC;FRC;GPS;HBI;HES;HFC;INFO;IPG;JNPR;K;KMX;KSU;LEG;LKQ;LNC;LUMN;LW;MHK;MKTX;MRO;MXIM;NLSN;NWL;PAYC;PBCT;PRGO;PXD;QRVO;RE;RHI;SEE;SIVB;SLG;TFX;TIF;TWTR;UA;UAA;VAR;WBA;WU;XLNX;XRX
2021-01-29,505,441,0.12673267326732673,AAP;ABMD;ALXN;ANSS;ATVI;BNY;CE;CERN;CMA;CTLT;CTXS;DFS;DISCA;DISCK;DISH;DRE;DXC;EMN;ENPH;ETSY;FBHS;FLIR;FMC;FRC;GPS;HBI;HES;HFC;INFO;IPG;JNPR;K;KMX;KSU;LEG;LKQ;LNC;LUMN;LW;MHK;MKTX;MRO;MXIM;NLSN;NWL;PAYC;PBCT;PRGO;PXD;QRVO;RE;RHI;SEE;SIVB;SLG;TFX;TWTR;UA;UAA;VAR;WBA;WU;XLNX;XRX
2021-03-01,505,441,0.12673267326732673,AAP;ABMD;ALXN;ANSS;ATVI;BNY;CE;CERN;CMA;CTLT;CTXS;DFS;DISCA;DISCK;DISH;DRE;DXC;EMN;ENPH;ETSY;FBHS;FLIR;FMC;FRC;GPS;HBI;HES;HFC;INFO;IPG;JNPR;K;KMX;KSU;LEG;LKQ;LNC;LUMN;LW;MHK;MKTX;MRO;MXIM;NLSN;NWL;PAYC;PBCT;PRGO;PXD;QRVO;RE;RHI;SEE;SIVB;SLG;TFX;TWTR;UA;UAA;VAR;WBA;WU;XLNX;XRX
2021-03-30,505,443,0.12277227722772277,AAP;ABMD;ALXN;ANSS;ATVI;BNY;CE;CERN;CMA;CTLT;CTXS;DFS;DISCA;DISCK;DISH;DRE;DXC;EMN;ENPH;ETSY;FBHS;FLIR;FMC;FRC;GPS;HBI;HES;HFC;INFO;IPG;JNPR;K;KMX;KSU;LEG;LKQ;LNC;LUMN;LW;MHK;MKTX;MRO;MXIM;NLSN;NWL;PAYC;PBCT;PRGO;PXD;QRVO;RE;RHI;SEE;SIVB;TFX;TWTR;UA;UAA;VAR;WBA;WU;XLNX
2021-04-28,505,444,0.12079207920792079,AAP;ABMD;ALXN;ANSS;ATVI;BNY;CE;CERN;CMA;CTLT;CTXS;DFS;DISCA;DISCK;DISH;DRE;DXC;EMN;ENPH;ETSY;FBHS;FLIR;FMC;FRC;GPS;HBI;HES;HFC;INFO;IPG;JNPR;K;KMX;KSU;LEG;LKQ;LNC;LUMN;LW;MHK;MKTX;MRO;MXIM;NLSN;NWL;PAYC;PBCT;PRGO;PXD;QRVO;RE;RHI;SEE;SIVB;TFX;TWTR;UA;UAA;WBA;WU;XLNX
2021-05-27,505,445,0.1188118811881188,AAP;ABMD;ALXN;ANSS;ATVI;BNY;CE;CERN;CMA;CTLT;CTXS;DFS;DISCA;DISCK;DISH;DRE;DXC;EMN;ENPH;ETSY;FBHS;FMC;FRC;GPS;HBI;HES;HFC;INFO;IPG;JNPR;K;KMX;KSU;LEG;LKQ;LNC;LUMN;LW;MHK;MKTX;MRO;MXIM;NLSN;NWL;PAYC;PBCT;PRGO;PXD;QRVO;RE;RHI;SEE;SIVB;TFX;TWTR;UA;UAA;WBA;WU;XLNX
2021-06-25,505,445,0.1188118811881188,AAP;ABMD;ALXN;ANSS;ATVI;BNY;CE;CERN;CMA;CTLT;CTXS;DFS;DISCA;DISCK;DISH;DRE;DXC;EMN;ENPH;ETSY;FBHS;FMC;FRC;GPS;HBI;HES;INFO;IPG;JNPR;K;KMX;KSU;LEG;LKQ;LNC;LUMN;LW;MHK;MKTX;MRO;MXIM;NLSN;NWL;OGN;PAYC;PBCT;PRGO;PXD;QRVO;RE;RHI;SEE;SIVB;TFX;TWTR;UA;UAA;WBA;WU;XLNX
2021-07-26,505,446,0.11683168316831684,AAP;ABMD;ANSS;ATVI;BNY;CE;CERN;CMA;CTLT;CTXS;DFS;DISCA;DISCK;DISH;DRE;DXC;EMN;ENPH;ETSY;FBHS;FMC;FRC;GPS;HBI;HES;INFO;IPG;JNPR;K;KMX;KSU;LEG;LKQ;LNC;LUMN;LW;MHK;MKTX;MRO;MXIM;NLSN;NWL;OGN;PAYC;PBCT;PRGO;PXD;QRVO;RE;RHI;SEE;SIVB;TFX;TWTR;UA;UAA;WBA;WU;XLNX
2021-08-24,505,446,0.11683168316831684,AAP;ABMD;ANSS;ATVI;BNY;CE;CERN;CMA;CTLT;CTXS;DFS;DISCA;DISCK;DISH;DRE;DXC;EMN;ENPH;ETSY;FBHS;FMC;FRC;GPS;HBI;HES;INFO;IPG;JNPR;K;KMX;KSU;LEG;LKQ;LNC;LUMN;LW;MHK;MKTX;MRO;MXIM;NLSN;NWL;OGN;PAYC;PBCT;PRGO;PXD;QRVO;RE;RHI;SEE;SIVB;TFX;TWTR;UA;UAA;WBA;WU;XLNX
2021-09-22,505,446,0.11683168316831684,AAP;ABMD;ANSS;ATVI;BNY;CE;CERN;CMA;CTLT;CTXS;DAY;DFS;DISCA;DISCK;DISH;DRE;DXC;EMN;ENPH;ETSY;FBHS;FMC;FRC;GPS;HBI;HES;INFO;IPG;JNPR;K;KMX;KSU;LEG;LKQ;LNC;LUMN;LW;MHK;MKTX;MRO;MTCH;NLSN;NWL;OGN;PAYC;PBCT;PXD;QRVO;RE;RHI;SEE;SIVB;TFX;TWTR;UA;UAA;WBA;WU;XLNX
2021-10-21,505,446,0.11683168316831684,AAP;ABMD;ANSS;ATVI;BNY;CE;CERN;CMA;CTLT;CTXS;DAY;DFS;DISCA;DISCK;DISH;DRE;DXC;EMN;ENPH;ETSY;FBHS;FMC;FRC;GPS;HBI;HES;INFO;IPG;JNPR;K;KMX;KSU;LEG;LKQ;LNC;LUMN;LW;MHK;MKTX;MRO;MTCH;NLSN;NWL;OGN;PAYC;PBCT;PXD;QRVO;RE;RHI;SEE;SIVB;TFX;TWTR;UA;UAA;WBA;WU;XLNX
2021-11-19,505,446,0.11683168316831684,AAP;ABMD;ANSS;ATVI;BNY;CE;CERN;CMA;CTLT;CTXS;DAY;DFS;DISCA;DISCK;DISH;DRE;DXC;EMN;ENPH;ETSY;FBHS;FMC;FRC;GPS;HBI;HES;INFO;IPG;JNPR;K;KMX;KSU;LEG;LKQ;LNC;LUMN;LW;MHK;MKTX;MRO;MTCH;NLSN;NWL;OGN;PAYC;PBCT;PXD;QRVO;RE;RHI;SEE;SIVB;TFX;TWTR;UA;UAA;WBA;WU;XLNX
2021-12-20,505,448,0.11287128712871287,AAP;ABMD;ANSS;ATVI;BNY;CE;CERN;CMA;CTLT;CTXS;DAY;DFS;DISCA;DISCK;DISH;DRE;DXC;EMN;ENPH;ETSY;FBHS;FMC;FRC;GPS;HES;INFO;IPG;JNPR;K;KMX;LKQ;LNC;LUMN;LW;MHK;MKTX;MRO;MTCH;NLSN;NWL;OGN;PAYC;PBCT;PXD;QRVO;RE;RHI;SBNY;SEDG;SEE;SIVB;TFX;TWTR;UA;UAA;WBA;XLNX
2022-01-18,505,448,0.11287128712871287,AAP;ABMD;ANSS;ATVI;BNY;CE;CERN;CMA;CTLT;CTXS;DAY;DFS;DISCA;DISCK;DISH;DRE;DXC;EMN;ENPH;ETSY;FBHS;FMC;FRC;GPS;HES;INFO;IPG;JNPR;K;KMX;LKQ;LNC;LUMN;LW;MHK;MKTX;MRO;MTCH;NLSN;NWL;OGN;PAYC;PBCT;PXD;QRVO;RE;RHI;SBNY;SEDG;SEE;SIVB;TFX;TWTR;UA;UAA;WBA;XLNX
2022-02-16,505,450,0.10891089108910891,AAP;ABMD;ANSS;ATVI;BNY;CE;CERN;CMA;CTLT;CTXS;DAY;DFS;DISCA;DISCK;DISH;DRE;DXC;EMN;ENPH;ETSY;FBHS;FMC;FRC;HES;INFO;IPG;JNPR;K;KMX;LKQ;LNC;LUMN;LW;MHK;MKTX;MRO;MTCH;NLSN;NWL;OGN;PAYC;PBCT;PXD;QRVO;RE;RHI;SBNY;SEDG;SEE;SIVB;TFX;TWTR;UA;UAA;WBA
2022-03-17,505,450,0.10891089108910891,AAP;ABMD;ANSS;ATVI;BNY;CE;CERN;CMA;CTLT;CTXS;DAY;DFS;DISCA;DISCK;DISH;DRE;DXC;EMN;ENPH;ETSY;FBHS;FMC;FRC;HES;IPG;JNPR;K;KMX;LKQ;LNC;LUMN;LW;MHK;MKTX;MOH;MRO;MTCH;NLSN;NWL;OGN;PAYC;PBCT;PXD;QRVO;RE;RHI;SBNY;SEDG;SEE;SIVB;TFX;TWTR;UA;UAA;WBA
2022-04-15,504,0,1.0,A;AAL;AAP;AAPL;ABBV;ABMD;ABT;ACN;ADBE;ADI;ADM;ADP;ADSK;AEE;AEP;AES;AFL;AIG;AIZ;AJG;AKAM;ALB;ALGN;ALK;ALL;ALLE;AMAT;AMCR;AMD;AME;AMGN;AMP;AMT;AMZN;ANET;ANSS;AON;AOS;APA;APD;APH;APTV;ARE;ATO;ATVI;AVB;AVGO;AVY;AWK;AXP;AZO;BA;BAC;BALL;BAX;BBWI;BBY;BDX;BEN;BF-B;BIIB;BIO;BKNG;BKR;BLK;BMY;BNY;BR;BRK-B;BRO;BSX;BWA;BXP;C;CAG;CAH;CARR;CAT;CB;CBOE;CBRE;CCI;CCL;CDNS;CDW;CE;CEG;CERN;CF;CFG;CHD;CHRW;CHTR;CI;CINF;CL;CLX;CMA;CMCSA;CME;CMG;CMI;CMS;CNC;CNP;COF;COO;COP;COR;COST;CPAY;CPB;CPRT;CPT;CRL;CRM;CSCO;CSX;CTAS;CTLT;CTRA;CTSH;CTVA;CTXS;CVS;CVX;CZR;D;DAL;DAY;DD;DE;DFS;DG;DGX;DHI;DHR;DIS;DISH;DLR;DLTR;DOC;DOV;DOW;DPZ;DRE;DRI;DTE;DUK;DVA;DVN;DXC;DXCM;EA;EBAY;ECL;ED;EFX;EIX;EL;ELV;EMN;EMR;ENPH;EOG;EPAM;EQIX;EQR;ES;ESS;ETN;ETR;ETSY;EVRG;EW;EXC;EXPD;EXPE;EXR;F;FANG;FAST;FBHS;FCX;FDS;FDX;FE;FFIV;FIS;FISV;FITB;FMC;FOX;FOXA;FRC;FRT;FTNT;FTV;GD;GE;GEN;GILD;GIS;GL;GLW;GM;GNRC;GOOG;GOOGL;GPC;GPN;GRMN;GS;GWW;HAL;HAS;HBAN;HCA;HD;HES;HIG;HII;HLT;HOLX;HON;HPE;HPQ;HRL;HSIC;HST;HSY;HUM;HWM;IBM;ICE;IDXX;IEX;IFF;ILMN;INCY;INTC;INTU;IP;IPG;IPGP;IQV;IR;IRM;ISRG;IT;ITW;IVZ;J;JBHT;JCI;JKHY;JNJ;JNPR;JPM;K;KEY;KEYS;KHC;KIM;KLAC;KMB;KMI;KMX;KO;KR;L;LDOS;LEN;LH;LHX;LIN;LKQ;LLY;LMT;LNC;LNT;LOW;LRCX;LUMN;LUV;LVS;LW;LYB;LYV;MA;MAA;MAR;MAS;MCD;MCHP;MCK;MCO;MDLZ;MDT;MET;META;MGM;MHK;MKC;MKTX;MLM;MMM;MNST;MO;MOH;MOS;MPC;MPWR;MRK;MRNA;MRO;MRSH;MS;MSCI;MSFT;MSI;MTB;MTCH;MTD;MU;NCLH;NDAQ;NDSN;NEE;NEM;NFLX;NI;NKE;NLSN;NOC;NOW;NRG;NSC;NTAP;NTRS;NUE;NVDA;NVR;NWL;NWS;NWSA;NXPI;O;ODFL;OGN;OKE;OMC;ORCL;ORLY;OTIS;OXY;PAYC;PAYX;PCAR;PEG;PENN;PEP;PFE;PFG;PG;PGR;PH;PHM;PKG;PLD;PM;PNC;PNR;PNW;POOL;PPG;PPL;PRU;PSA;PSKY;PSX;PTC;PVH;PWR;PXD;PYPL;QCOM;QRVO;RCL;RE;REG;REGN;RF;RHI;RJF;RL;RMD;ROK;ROL;ROP;ROST;RSG;RTX;RVTY;SBAC;SBNY;SBUX;SCHW;SEDG;SEE;SHW;SIVB;SJM;SLB;SNA;SNPS;SO;SPG;SPGI;SRE;STE;STT;STX;STZ;SW;SWK;SWKS;SYF;SYK;SYY;T;TAP;TDG;TDY;TECH;TEL;TER;TFC;TFX;TGT;TJX;TMO;TMUS;TPR;TRMB;TROW;TRV;TSCO;TSLA;TSN;TT;TTWO;TWTR;TXN;TXT;TYL;UA;UAA;UAL;UDR;UHS;ULTA;UNH;UNP;UPS;URI;USB;V;VFC;VLO;VMC;VNO;VRSK;VRSN;VRTX;VTR;VTRS;VZ;WAB;WAT;WBA;WBD;WDC;WEC;WELL;WFC;WHR;WM;WMB;WMT;WRB;WST;WTW;WY;WYNN;XEL;XOM;XRAY;XYL;YUM;ZBH;ZBRA;ZION;ZTS
2022-05-16,504,452,0.10317460317460317,AAP;ABMD;ANSS;ATVI;BNY;CE;CERN;CMA;CTLT;CTXS;DAY;DFS;DISH;DRE;DXC;EMN;ENPH;ETSY;FBHS;FMC;FRC;HES;IPG;JNPR;K;KMX;LKQ;LNC;LUMN;LW;MHK;MKTX;MOH;MRO;MTCH;NLSN;NWL;OGN;PAYC;PXD;QRVO;RE;RHI;SBNY;SEDG;SEE;SIVB;TFX;TWTR;UA;UAA;WBA
2022-06-14,504,453,0.10119047619047619,AAP;ABMD;ANSS;ATVI;BNY;CE;CMA;CTLT;CTXS;DAY;DFS;DISH;DRE;DXC;EMN;ENPH;ETSY;FBHS;FMC;FRC;HES;IPG;JNPR;K;KMX;LKQ;LNC;LUMN;LW;MHK;MKTX;MOH;MRO;MTCH;NLSN;NWL;OGN;PAYC;PXD;QRVO;RE;RHI;SBNY;SEDG;SEE;SIVB;TFX;TWTR;UA;UAA;WBA
2022-07-13,503,454,0.09741550695825049,AAP;ABMD;ANSS;ATVI;BNY;CE;CMA;CTLT;CTXS;DAY;DFS;DISH;DRE;DXC;EMN;ENPH;ETSY;FBHS;FMC;FRC;HES;IPG;JNPR;K;KMX;LKQ;LNC;LUMN;LW;MHK;MKTX;MOH;MRO;MTCH;NLSN;NWL;OGN;PAYC;PXD;QRVO;RE;RHI;SBNY;SEDG;SEE;SIVB;TFX;TWTR;WBA
2022-08-11,503,454,0.09741550695825049,AAP;ABMD;ANSS;ATVI;BNY;CE;CMA;CTLT;CTXS;DAY;DFS;DISH;DRE;DXC;EMN;ENPH;ETSY;FBHS;FMC;FRC;HES;IPG;JNPR;K;KMX;LKQ;LNC;LUMN;LW;MHK;MKTX;MOH;MRO;MTCH;NLSN;NWL;OGN;PAYC;PXD;QRVO;RE;RHI;SBNY;SEDG;SEE;SIVB;TFX;TWTR;WBA
2022-09-09,503,454,0.09741550695825049,AAP;ABMD;ANSS;ATVI;BNY;CE;CMA;CTLT;CTXS;DAY;DFS;DISH;DRE;DXC;EMN;ENPH;ETSY;FBHS;FMC;FRC;HES;IPG;JNPR;K;KMX;LKQ;LNC;LUMN;LW;MHK;MKTX;MOH;MRO;MTCH;NLSN;NWL;OGN;PAYC;PXD;QRVO;RE;RHI;SBNY;SEDG;SEE;SIVB;TFX;TWTR;WBA
2022-10-10,503,456,0.09343936381709742,AAP;ABMD;ANSS;ATVI;BNY;CE;CMA;CTLT;DAY;DFS;DISH;DXC;EMN;ENPH;ETSY;FBHS;FMC;FRC;HES;IPG;JNPR;K;KMX;LKQ;LNC;LUMN;LW;MHK;MKTX;MOH;MRO;MTCH;NLSN;NWL;OGN;PAYC;PXD;QRVO;RE;RHI;SBNY;SEDG;SEE;SIVB;TFX;TWTR;WBA
2022-11-08,503,458,0.08946322067594434,AAP;ABMD;ANSS;ATVI;BNY;CE;CMA;CTLT;DAY;DFS;DISH;DXC;EMN;ENPH;ETSY;FBHS;FMC;FRC;HES;IPG;JNPR;K;KMX;LKQ;LNC;LUMN;LW;MHK;MKTX;MOH;MRO;MTCH;NWL;OGN;PAYC;PXD;QRVO;RE;RHI;SBNY;SEDG;SEE;SIVB;TFX;WBA
2022-12-07,503,458,0.08946322067594434,AAP;ABMD;ANSS;ATVI;BNY;CE;CMA;CTLT;DAY;DFS;DISH;DXC;EMN;ENPH;ETSY;FBHS;FMC;FRC;HES;IPG;JNPR;K;KMX;LKQ;LNC;LUMN;LW;MHK;MKTX;MOH;MRO;MTCH;NWL;OGN;PAYC;PXD;QRVO;RE;RHI;SBNY;SEDG;SEE;SIVB;TFX;WBA
2023-01-05,503,460,0.08548707753479125,AAP;ANSS;ATVI;BNY;CE;CMA;CTLT;DAY;DFS;DISH;DXC;EMN;ENPH;ETSY;FMC;FRC;HES;IPG;JNPR;K;KMX;LKQ;LNC;LUMN;LW;MHK;MKTX;MOH;MRO;MTCH;NWL;OGN;PAYC;PXD;QRVO;RE;RHI;SBNY;SEDG;SEE;SIVB;TFX;WBA
2023-02-03,503,460,0.08548707753479125,AAP;ANSS;ATVI;BNY;CE;CMA;CTLT;DAY;DFS;DISH;DXC;EMN;ENPH;ETSY;FMC;FRC;HES;IPG;JNPR;K;KMX;LKQ;LNC;LUMN;LW;MHK;MKTX;MOH;MRO;MTCH;NWL;OGN;PAYC;PXD;QRVO;RE;RHI;SBNY;SEDG;SEE;SIVB;TFX;WBA
2023-03-06,503,460,0.08548707753479125,AAP;ANSS;ATVI;BNY;CE;CMA;CTLT;DAY;DFS;DISH;DXC;EMN;ENPH;ETSY;FMC;FRC;HES;IPG;JNPR;K;KMX;LKQ;LNC;LUMN;LW;MHK;MKTX;MOH;MRO;MTCH;NWL;OGN;PAYC;PXD;QRVO;RE;RHI;SBNY;SEDG;SEE;SIVB;TFX;WBA
2023-04-04,503,463,0.07952286282306163,AAP;ANSS;ATVI;BNY;CE;CMA;CTLT;DAY;DFS;DISH;DXC;EMN;ENPH;ETSY;FMC;FRC;HES;IPG;JNPR;K;KMX;LKQ;LNC;LW;MHK;MKTX;MOH;MRO;MTCH;NWL;OGN;PAYC;PXD;QRVO;RE;RHI;SEDG;SEE;TFX;WBA
2023-05-03,503,463,0.07952286282306163,AAP;ANSS;ATVI;BNY;CE;CMA;CTLT;DAY;DFS;DISH;DXC;EMN;ENPH;ETSY;FMC;FRC;HES;IPG;JNPR;K;KMX;LKQ;LNC;LW;MHK;MKTX;MOH;MRO;MTCH;NWL;OGN;PAYC;PXD;QRVO;RE;RHI;SEDG;SEE;TFX;WBA
2023-06-01,503,464,0.0775347912524851,AAP;ANSS;ATVI;BNY;CE;CMA;CTLT;DAY;DFS;DISH;DXC;EMN;ENPH;ETSY;FMC;HES;IPG;JNPR;K;KMX;LKQ;LNC;LW;MHK;MKTX;MOH;MRO;MTCH;NWL;OGN;PAYC;PXD;QRVO;RE;RHI;SEDG;SEE;TFX;WBA
2023-06-30,503,465,0.07554671968190854,AAP;ANSS;ATVI;BNY;CE;CMA;CTLT;DAY;DFS;DXC;EMN;ENPH;ETSY;FMC;HES;IPG;JNPR;K;KMX;LKQ;LNC;LW;MHK;MKTX;MOH;MRO;MTCH;NWL;OGN;PAYC;PXD;QRVO;RE;RHI;SEDG;SEE;TFX;WBA
2023-07-31,503,466,0.073558648111332,AAP;ANSS;ATVI;BNY;CE;CMA;CTLT;DAY;DFS;DXC;EMN;ENPH;ETSY;FMC;HES;IPG;JNPR;K;KMX;LKQ;LNC;LW;MHK;MKTX;MOH;MRO;MTCH;NWL;OGN;PAYC;PXD;QRVO;RHI;SEDG;SEE;TFX;WBA
2023-08-29,503,467,0.07157057654075547,ANSS;ATVI;BNY;CE;CMA;CTLT;DAY;DFS;DXC;EMN;ENPH;ETSY;FMC;HES;IPG;JNPR;K;KMX;LKQ;LNC;LW;MHK;MKTX;MOH;MRO;MTCH;NWL;OGN;PAYC;PXD;QRVO;RHI;SEDG;SEE;TFX;WBA
2023-09-27,503,469,0.06759443339960239,ANSS;ATVI;BNY;CE;CMA;CTLT;DAY;DFS;DXC;EMN;ENPH;ETSY;FMC;HES;IPG;JNPR;K;KMX;LKQ;LW;MHK;MKTX;MOH;MRO;MTCH;OGN;PAYC;PXD;QRVO;RHI;SEDG;SEE;TFX;WBA
2023-10-26,503,472,0.061630218687872766,ANSS;BNY;CE;CMA;CTLT;DAY;DFS;EMN;ENPH;ETSY;FMC;HES;IPG;JNPR;K;KMX;LKQ;LW;MHK;MKTX;MOH;MRO;MTCH;PAYC;PXD;QRVO;RHI;SEDG;SEE;TFX;WBA
2023-11-24,503,472,0.061630218687872766,ANSS;BNY;CE;CMA;CTLT;DAY;DFS;EMN;ENPH;ETSY;FMC;HES;IPG;JNPR;K;KMX;LKQ;LW;MHK;MKTX;MOH;MRO;MTCH;PAYC;PXD;QRVO;RHI;SEDG;SEE;TFX;WBA
2023-12-25,503,0,1.0,A;AAL;AAPL;ABBV;ABNB;ABT;ACGL;ACN;ADBE;ADI;ADM;ADP;ADSK;AEE;AEP;AES;AFL;AIG;AIZ;AJG;AKAM;ALB;ALGN;ALL;ALLE;AMAT;AMCR;AMD;AME;AMGN;AMP;AMT;AMZN;ANET;ANSS;AON;AOS;APA;APD;APH;APTV;ARE;ATO;AVB;AVGO;AVY;AWK;AXON;AXP;AZO;BA;BAC;BALL;BAX;BBWI;BBY;BDX;BEN;BF-B;BG;BIIB;BIO;BKNG;BKR;BLDR;BLK;BMY;BNY;BR;BRK-B;BRO;BSX;BWA;BX;BXP;C;CAG;CAH;CARR;CAT;CB;CBOE;CBRE;CCI;CCL;CDNS;CDW;CE;CEG;CF;CFG;CHD;CHRW;CHTR;CI;CINF;CL;CLX;CMA;CMCSA;CME;CMG;CMI;CMS;CNC;CNP;COF;COO;COP;COR;COST;CPAY;CPB;CPRT;CPT;CRL;CRM;CSCO;CSGP;CSX;CTAS;CTLT;CTRA;CTSH;CTVA;CVS;CVX;CZR;D;DAL;DAY;DD;DE;DFS;DG;DGX;DHI;DHR;DIS;DLR;DLTR;DOC;DOV;DOW;DPZ;DRI;DTE;DUK;DVA;DVN;DXCM;EA;EBAY;ECL;ED;EFX;EG;EIX;EL;ELV;EMN;EMR;ENPH;EOG;EPAM;EQIX;EQR;EQT;ES;ESS;ETN;ETR;ETSY;EVRG;EW;EXC;EXPD;EXPE;EXR;F;FANG;FAST;FCX;FDS;FDX;FE;FFIV;FICO;FIS;FISV;FITB;FMC;FOX;FOXA;FRT;FSLR;FTNT;FTV;GD;GE;GEHC;GEN;GILD;GIS;GL;GLW;GM;GNRC;GOOG;GOOGL;GPC;GPN;GRMN;GS;GWW;HAL;HAS;HBAN;HCA;HD;HES;HIG;HII;HLT;HOLX;HON;HPE;HPQ;HRL;HSIC;HST;HSY;HUBB;HUM;HWM;IBM;ICE;IDXX;IEX;IFF;ILMN;INCY;INTC;INTU;INVH;IP;IPG;IQV;IR;IRM;ISRG;IT;ITW;IVZ;J;JBHT;JBL;JCI;JKHY;JNJ;JNPR;JPM;K;KDP;KEY;KEYS;KHC;KIM;KLAC;KMB;KMI;KMX;KO;KR;KVUE;L;LDOS;LEN;LH;LHX;LIN;LKQ;LLY;LMT;LNT;LOW;LRCX;LULU;LUV;LVS;LW;LYB;LYV;MA;MAA;MAR;MAS;MCD;MCHP;MCK;MCO;MDLZ;MDT;MET;META;MGM;MHK;MKC;MKTX;MLM;MMM;MNST;MO;MOH;MOS;MPC;MPWR;MRK;MRNA;MRO;MRSH;MS;MSCI;MSFT;MSI;MTB;MTCH;MTD;MU;NCLH;NDAQ;NDSN;NEE;NEM;NFLX;NI;NKE;NOC;NOW;NRG;NSC;NTAP;NTRS;NUE;NVDA;NVR;NWS;NWSA;NXPI;O;ODFL;OKE;OMC;ON;ORCL;ORLY;OTIS;OXY;PANW;PAYC;PAYX;PCAR;PCG;PEG;PEP;PFE;PFG;PG;PGR;PH;PHM;PKG;PLD;PM;PNC;PNR;PNW;PODD;POOL;PPG;PPL;PRU;PSA;PSKY;PSX;PTC;PWR;PXD;PYPL;QCOM;QRVO;RCL;REG;REGN;RF;RHI;RJF;RL;RMD;ROK;ROL;ROP;ROST;RSG;RTX;RVTY;SBAC;SBUX;SCHW;SHW;SJM;SLB;SNA;SNPS;SO;SPG;SPGI;SRE;STE;STLD;STT;STX;STZ;SW;SWK;SWKS;SYF;SYK;SYY;T;TAP;TDG;TDY;TECH;TEL;TER;TFC;TFX;TGT;TJX;TMO;TMUS;TPR;TRGP;TRMB;TROW;TRV;TSCO;TSLA;TSN;TT;TTWO;TXN;TXT;TYL;UAL;UBER;UDR;UHS;ULTA;UNH;UNP;UPS;URI;USB;V;VFC;VICI;VLO;VLTO;VMC;VRSK;VRSN;VRTX;VTR;VTRS;VZ;WAB;WAT;WBA;WBD;WDC;WEC;WELL;WFC;WHR;WM;WMB;WMT;WRB;WST;WTW;WY;WYNN;XEL;XOM;XRAY;XYL;YUM;ZBH;ZBRA;ZION;ZTS
2024-01-23,503,474,0.05765407554671968,ANSS;BNY;CE;CMA;CTLT;DAY;DFS;EMN;ENPH;ETSY;FMC;HES;IPG;JNPR;K;KMX;LKQ;LW;MHK;MKTX;MOH;MRO;MTCH;PAYC;PXD;QRVO;RHI;TFX;WBA
2024-02-21,503,474,0.05765407554671968,ANSS;BNY;CE;CMA;CTLT;DAY;DFS;EMN;ENPH;ETSY;FMC;HES;IPG;JNPR;K;KMX;LKQ;LW;MHK;MKTX;MOH;MRO;MTCH;PAYC;PXD;QRVO;RHI;TFX;WBA
2024-03-21,503,474,0.05765407554671968,ANSS;BNY;CE;CMA;CTLT;DAY;DFS;EMN;ENPH;ETSY;FMC;HES;IPG;JNPR;K;KMX;LKQ;LW;MHK;MKTX;MOH;MRO;MTCH;PAYC;PXD;QRVO;RHI;TFX;WBA
2024-04-19,503,474,0.05765407554671968,ANSS;BNY;CE;CMA;CTLT;DAY;DFS;EMN;ENPH;ETSY;FMC;HES;IPG;JNPR;K;KMX;LKQ;LW;MHK;MKTX;MOH;MRO;MTCH;PAYC;PXD;QRVO;RHI;TFX;WBA
2024-05-20,503,475,0.055666003976143144,ANSS;BNY;CE;CMA;CTLT;DAY;DFS;EMN;ENPH;ETSY;FMC;HES;IPG;JNPR;K;KMX;LKQ;LW;MHK;MKTX;MOH;MRO;MTCH;PAYC;QRVO;RHI;TFX;WBA
2024-06-18,503,475,0.055666003976143144,ANSS;BNY;CE;CMA;CTLT;DAY;DFS;EMN;ENPH;ETSY;FMC;HES;IPG;JNPR;K;KMX;LKQ;LW;MHK;MKTX;MOH;MRO;MTCH;PAYC;QRVO;RHI;TFX;WBA
2024-07-17,503,477,0.05168986083499006,ANSS;BNY;CE;CTLT;DAY;DFS;EMN;ENPH;ETSY;FMC;HES;IPG;JNPR;K;KMX;LKQ;LW;MHK;MKTX;MOH;MRO;MTCH;PAYC;QRVO;TFX;WBA
2024-08-15,503,477,0.05168986083499006,ANSS;BNY;CE;CTLT;DAY;DFS;EMN;ENPH;ETSY;FMC;HES;IPG;JNPR;K;KMX;LKQ;LW;MHK;MKTX;MOH;MRO;MTCH;PAYC;QRVO;TFX;WBA
2024-09-13,503,477,0.05168986083499006,ANSS;BNY;CE;CTLT;DAY;DFS;EMN;ENPH;ETSY;FMC;HES;IPG;JNPR;K;KMX;LKQ;LW;MHK;MKTX;MOH;MRO;MTCH;PAYC;QRVO;TFX;WBA
2024-10-14,503,477,0.05168986083499006,AMTM;ANSS;BNY;CE;CTLT;DAY;DFS;EMN;ENPH;FMC;HES;IPG;JNPR;K;KMX;LKQ;LW;MHK;MKTX;MOH;MRO;MTCH;PAYC;QRVO;TFX;WBA
2024-11-12,503,477,0.05168986083499006,AMTM;ANSS;BNY;CE;CTLT;DAY;DFS;EMN;ENPH;FMC;HES;IPG;JNPR;K;KMX;LKQ;LW;MHK;MKTX;MOH;MRO;MTCH;PAYC;QRVO;TFX;WBA
2024-12-11,503,478,0.04970178926441352,AMTM;ANSS;BNY;CE;CTLT;DAY;DFS;EMN;ENPH;FMC;HES;IPG;JNPR;K;KMX;LKQ;LW;MHK;MKTX;MOH;MTCH;PAYC;QRVO;TFX;WBA
2025-01-09,503,0,1.0,A;AAPL;ABBV;ABNB;ABT;ACGL;ACN;ADBE;ADI;ADM;ADP;ADSK;AEE;AEP;AES;AFL;AIG;AIZ;AJG;AKAM;ALB;ALGN;ALL;ALLE;AMAT;AMCR;AMD;AME;AMGN;AMP;AMT;AMZN;ANET;ANSS;AON;AOS;APA;APD;APH;APO;APTV;ARE;ATO;AVB;AVGO;AVY;AWK;AXON;AXP;AZO;BA;BAC;BALL;BAX;BBY;BDX;BEN;BF-B;BG;BIIB;BKNG;BKR;BLDR;BLK;BMY;BNY;BR;BRK-B;BRO;BSX;BWA;BX;BXP;C;CAG;CAH;CARR;CAT;CB;CBOE;CBRE;CCI;CCL;CDNS;CDW;CE;CEG;CF;CFG;CHD;CHRW;CHTR;CI;CINF;CL;CLX;CMCSA;CME;CMG;CMI;CMS;CNC;CNP;COF;COO;COP;COR;COST;CPAY;CPB;CPRT;CPT;CRL;CRM;CRWD;CSCO;CSGP;CSX;CTAS;CTRA;CTSH;CTVA;CVS;CVX;CZR;D;DAL;DAY;DD;DE;DECK;DELL;DFS;DG;DGX;DHI;DHR;DIS;DLR;DLTR;DOC;DOV;DOW;DPZ;DRI;DTE;DUK;DVA;DVN;DXCM;EA;EBAY;ECL;ED;EFX;EG;EIX;EL;ELV;EMN;EMR;ENPH;EOG;EPAM;EQIX;EQR;EQT;ERIE;ES;ESS;ETN;ETR;EVRG;EW;EXC;EXPD;EXPE;EXR;F;FANG;FAST;FCX;FDS;FDX;FE;FFIV;FICO;FIS;FISV;FITB;FMC;FOX;FOXA;FRT;FSLR;FTNT;FTV;GD;GDDY;GE;GEHC;GEN;GEV;GILD;GIS;GL;GLW;GM;GNRC;GOOG;GOOGL;GPC;GPN;GRMN;GS;GWW;HAL;HAS;HBAN;HCA;HD;HES;HIG;HII;HLT;HOLX;HON;HPE;HPQ;HRL;HSIC;HST;HSY;HUBB;HUM;HWM;IBM;ICE;IDXX;IEX;IFF;INCY;INTC;INTU;INVH;IP;IPG;IQV;IR;IRM;ISRG;IT;ITW;IVZ;J;JBHT;JBL;JCI;JKHY;JNJ;JNPR;JPM;K;KDP;KEY;KEYS;KHC;KIM;KKR;KLAC;KMB;KMI;KMX;KO;KR;KVUE;L;LDOS;LEN;LH;LHX;LII;LIN;LKQ;LLY;LMT;LNT;LOW;LRCX;LULU;LUV;LVS;LW;LYB;LYV;MA;MAA;MAR;MAS;MCD;MCHP;MCK;MCO;MDLZ;MDT;MET;META;MGM;MHK;MKC;MKTX;MLM;MMM;MNST;MO;MOH;MOS;MPC;MPWR;MRK;MRNA;MRSH;MS;MSCI;MSFT;MSI;MTB;MTCH;MTD;MU;NCLH;NDAQ;NDSN;NEE;NEM;NFLX;NI;NKE;NOC;NOW;NRG;NSC;NTAP;NTRS;NUE;NVDA;NVR;NWS;NWSA;NXPI;O;ODFL;OKE;OMC;ON;ORCL;ORLY;OTIS;OXY;PANW;PAYC;PAYX;PCAR;PCG;PEG;PEP;PFE;PFG;PG;PGR;PH;PHM;PKG;PLD;PLTR;PM;PNC;PNR;PNW;PODD;POOL;PPG;PPL;PRU;PSA;PSKY;PSX;PTC;PWR;PYPL;QCOM;RCL;REG;REGN;RF;RJF;RL;RMD;ROK;ROL;ROP;ROST;RSG;RTX;RVTY;SBAC;SBUX;SCHW;SHW;SJM;SLB;SMCI;SNA;SNPS;SO;SOLV;SPG;SPGI;SRE;STE;STLD;STT;STX;STZ;SW;SWK;SWKS;SYF;SYK;SYY;T;TAP;TDG;TDY;TECH;TEL;TER;TFC;TFX;TGT;TJX;TMO;TMUS;TPL;TPR;TRGP;TRMB;TROW;TRV;TSCO;TSLA;TSN;TT;TTWO;TXN;TXT;TYL;UAL;UBER;UDR;UHS;ULTA;UNH;UNP;UPS;URI;USB;V;VICI;VLO;VLTO;VMC;VRSK;VRSN;VRTX;VST;VTR;VTRS;VZ;WAB;WAT;WBA;WBD;WDAY;WDC;WEC;WELL;WFC;WM;WMB;WMT;WRB;WST;WTW;WY;WYNN;XEL;XOM;XYL;YUM;ZBH;ZBRA;ZTS
2025-02-07,503,481,0.0437375745526839,ANSS;BNY;CE;DAY;DFS;EMN;ENPH;FMC;HES;IPG;JNPR;K;KMX;LKQ;LW;MHK;MKTX;MOH;MTCH;PAYC;TFX;WBA
2025-03-10,503,481,0.0437375745526839,ANSS;BNY;CE;DAY;DFS;EMN;ENPH;FMC;HES;IPG;JNPR;K;KMX;LKQ;LW;MHK;MKTX;MOH;MTCH;PAYC;TFX;WBA
2025-04-08,503,484,0.03777335984095427,ANSS;BNY;DAY;DFS;EMN;ENPH;HES;IPG;JNPR;K;KMX;LKQ;LW;MHK;MKTX;MOH;MTCH;PAYC;WBA
2025-05-07,503,484,0.03777335984095427,ANSS;BNY;DAY;DFS;EMN;ENPH;HES;IPG;JNPR;K;KMX;LKQ;LW;MHK;MKTX;MOH;MTCH;PAYC;WBA
2025-06-05,503,485,0.03578528827037773,ANSS;BNY;DAY;EMN;ENPH;HES;IPG;JNPR;K;KMX;LKQ;LW;MHK;MKTX;MOH;MTCH;PAYC;WBA
2025-07-04,503,0,1.0,A;AAPL;ABBV;ABNB;ABT;ACGL;ACN;ADBE;ADI;ADM;ADP;ADSK;AEE;AEP;AES;AFL;AIG;AIZ;AJG;AKAM;ALB;ALGN;ALL;ALLE;AMAT;AMCR;AMD;AME;AMGN;AMP;AMT;AMZN;ANET;ANSS;AON;AOS;APA;APD;APH;APO;APTV;ARE;ATO;AVB;AVGO;AVY;AWK;AXON;AXP;AZO;BA;BAC;BALL;BAX;BBY;BDX;BEN;BF-B;BG;BIIB;BKNG;BKR;BLDR;BLK;BMY;BNY;BR;BRK-B;BRO;BSX;BX;BXP;C;CAG;CAH;CARR;CAT;CB;CBOE;CBRE;CCI;CCL;CDNS;CDW;CEG;CF;CFG;CHD;CHRW;CHTR;CI;CINF;CL;CLX;CMCSA;CME;CMG;CMI;CMS;CNC;CNP;COF;COIN;COO;COP;COR;COST;CPAY;CPB;CPRT;CPT;CRL;CRM;CRWD;CSCO;CSGP;CSX;CTAS;CTRA;CTSH;CTVA;CVS;CVX;CZR;D;DAL;DASH;DAY;DD;DE;DECK;DELL;DG;DGX;DHI;DHR;DIS;DLR;DLTR;DOC;DOV;DOW;DPZ;DRI;DTE;DUK;DVA;DVN;DXCM;EA;EBAY;ECL;ED;EFX;EG;EIX;EL;ELV;EMN;EMR;ENPH;EOG;EPAM;EQIX;EQR;EQT;ERIE;ES;ESS;ETN;ETR;EVRG;EW;EXC;EXE;EXPD;EXPE;EXR;F;FANG;FAST;FCX;FDS;FDX;FE;FFIV;FICO;FIS;FISV;FITB;FOX;FOXA;FRT;FSLR;FTNT;FTV;GD;GDDY;GE;GEHC;GEN;GEV;GILD;GIS;GL;GLW;GM;GNRC;GOOG;GOOGL;GPC;GPN;GRMN;GS;GWW;HAL;HAS;HBAN;HCA;HD;HES;HIG;HII;HLT;HOLX;HON;HPE;HPQ;HRL;HSIC;HST;HSY;HUBB;HUM;HWM;IBM;ICE;IDXX;IEX;IFF;INCY;INTC;INTU;INVH;IP;IPG;IQV;IR;IRM;ISRG;IT;ITW;IVZ;J;JBHT;JBL;JCI;JKHY;JNJ;JNPR;JPM;K;KDP;KEY;KEYS;KHC;KIM;KKR;KLAC;KMB;KMI;KMX;KO;KR;KVUE;L;LDOS;LEN;LH;LHX;LII;LIN;LKQ;LLY;LMT;LNT;LOW;LRCX;LULU;LUV;LVS;LW;LYB;LYV;MA;MAA;MAR;MAS;MCD;MCHP;MCK;MCO;MDLZ;MDT;MET;META;MGM;MHK;MKC;MKTX;MLM;MMM;MNST;MO;MOH;MOS;MPC;MPWR;MRK;MRNA;MRSH;MS;MSCI;MSFT;MSI;MTB;MTCH;MTD;MU;NCLH;NDAQ;NDSN;NEE;NEM;NFLX;NI;NKE;NOC;NOW;NRG;NSC;NTAP;NTRS;NUE;NVDA;NVR;NWS;NWSA;NXPI;O;ODFL;OKE;OMC;ON;ORCL;ORLY;OTIS;OXY;PANW;PAYC;PAYX;PCAR;PCG;PEG;PEP;PFE;PFG;PG;PGR;PH;PHM;PKG;PLD;PLTR;PM;PNC;PNR;PNW;PODD;POOL;PPG;PPL;PRU;PSA;PSKY;PSX;PTC;PWR;PYPL;QCOM;RCL;REG;REGN;RF;RJF;RL;RMD;ROK;ROL;ROP;ROST;RSG;RTX;RVTY;SBAC;SBUX;SCHW;SHW;SJM;SLB;SMCI;SNA;SNPS;SO;SOLV;SPG;SPGI;SRE;STE;STLD;STT;STX;STZ;SW;SWK;SWKS;SYF;SYK;SYY;T;TAP;TDG;TDY;TECH;TEL;TER;TFC;TGT;TJX;TKO;TMO;TMUS;TPL;TPR;TRGP;TRMB;TROW;TRV;TSCO;TSLA;TSN;TT;TTWO;TXN;TXT;TYL;UAL;UBER;UDR;UHS;ULTA;UNH;UNP;UPS;URI;USB;V;VICI;VLO;VLTO;VMC;VRSK;VRSN;VRTX;VST;VTR;VTRS;VZ;WAB;WAT;WBA;WBD;WDAY;WDC;WEC;WELL;WFC;WM;WMB;WMT;WRB;WSM;WST;WTW;WY;WYNN;XEL;XOM;XYL;YUM;ZBH;ZBRA;ZTS
2025-08-04,503,488,0.02982107355864811,BNY;DAY;EMN;ENPH;IPG;K;KMX;LKQ;LW;MHK;MKTX;MOH;MTCH;PAYC;WBA
2025-09-02,503,489,0.027833001988071572,BNY;DAY;EMN;ENPH;IPG;K;KMX;LKQ;LW;MHK;MKTX;MOH;MTCH;PAYC
2025-10-01,503,491,0.02385685884691849,BNY;DAY;EMN;IPG;K;KMX;LKQ;LW;MHK;MOH;MTCH;PAYC
2025-10-30,504,491,0.025793650793650792,BNY;DAY;EMN;IPG;K;KMX;LKQ;LW;MHK;MOH;MTCH;PAYC;SOLS
2025-11-28,503,491,0.02385685884691849,BNY;DAY;K;LKQ;LW;MHK;MOH;MTCH;PAYC;Q;SNDK;SOLS
2025-12-29,503,495,0.015904572564612324,BNY;DAY;LW;MOH;MTCH;PAYC;Q;SNDK
2026-01-27,503,495,0.015904572564612324,BNY;DAY;LW;MOH;MTCH;PAYC;Q;SNDK
2026-02-25,503,496,0.013916500994035786,BNY;LW;MOH;MTCH;PAYC;Q;SNDK
2026-03-26,503,500,0.005964214711729622,BNY;Q;SNDK
