leg_year,name,score_cutoff,sharpe_at_selection,calmar_at_selection,geo_at_selection,maxdd_at_selection,rank_at_selection,selected
2019,dual_momentum_vol,2018-12-31,1.1220253673280585,0.7224439592661821,0.016963383202031,-0.3095998372626433,1.0,True
2019,acceleration_momentum,2018-12-31,0.849840086264521,0.5848474080856292,0.0070455222747263,-0.1502967112376656,2.0,True
2019,low_vol_quality,2018-12-31,0.8349930723802212,0.7057009298757932,0.0039180341434648,-0.0680783070685298,3.0,True
2019,donchian_breakout,2018-12-31,0.8330947019650161,0.5222208555332436,0.0070657716551718,-0.1688235397183753,4.0,False
2019,mean_reversion_5d,2018-12-31,0.7984590607090357,0.695839692543467,0.0119012871715795,-0.2192239210642117,5.0,False
2019,multifactor_mvr,2018-12-31,0.7454375728829162,0.508676621787601,0.0060020029341214,-0.1463598577252661,6.0,False
2019,trend_following,2018-12-31,0.7090348160122693,0.4053313807618094,0.0081941641254612,-0.2538288502243007,7.0,False
2019,vix_gated_trend,2018-12-31,0.7090348160122693,0.4053313807618094,0.0081941641254612,-0.2538288502243007,8.0,False
2019,xs_momentum_12_1,2018-12-31,0.6552696284174916,0.3532667873995645,0.0090678014604925,-0.3238569289063147,9.0,False
2019,adaptive_voltarget_momentum,2018-12-31,0.6517610991893728,0.3438942113079487,0.0074436705221399,-0.2706450452468996,10.0,False
2019,xs_momentum_top30,2018-12-31,0.60971166240582,0.3384506402400884,0.0090983641331989,-0.3392311589258021,11.0,False
2019,risk_parity_etf,2018-12-31,0.5912511093757904,0.4530973215958516,0.0024170065095994,-0.0648707613467441,12.0,False
2019,sector_momentum_rotation,2018-12-31,0.5910638842979062,0.4081356475283711,0.0052566320853015,-0.1591030971939252,13.0,False
2019,xs_momentum_fast,2018-12-31,0.5494566652827683,0.3820774273983426,0.0080790791651834,-0.265325855121176,14.0,False
2019,sector_rotation,2018-12-31,0.5400609499188547,0.3392830002715762,0.004680225770312,-0.1698617388456526,15.0,False
2019,xs_momentum_fast_top10,2018-12-31,0.4524208576069357,0.2730437314219041,0.0072298460173678,-0.3306888767431973,16.0,False
2019,momentum_quality_blend,2018-12-31,0.4358203907157392,0.2067378444498114,0.0041340742612785,-0.2454923444007621,17.0,False
2019,xs_momentum_multi,2018-12-31,0.4225428079747317,0.1979658648593294,0.0048600203353506,-0.3026010742975813,18.0,False
2019,ts_momentum_multiasset,2018-12-31,0.3564965527600792,0.2322783229847524,0.0014231026888031,-0.0740987481923741,19.0,False
2019,calendar_tom,2018-12-31,0.2830613583140429,0.1678272858085861,0.001977172726741,-0.1429194818144047,20.0,False
2019,xs_momentum_concentrated,2018-12-31,0.1797107575469261,0.0513204204106871,0.0013305135473546,-0.3133941567472106,21.0,False
2020,low_vol_quality,2019-12-31,1.4058153952777617,1.2285515926051496,0.0067160885889483,-0.0680783070685298,1.0,True
2020,dual_momentum_vol,2019-12-31,1.29791242861747,0.8326480406376521,0.0192966852508624,-0.3095998372626433,2.0,True
2020,risk_parity_etf,2019-12-31,1.2871156508203043,1.017111443447594,0.0053388099596767,-0.0648707613467441,3.0,True
2020,acceleration_momentum,2019-12-31,1.1725050858802315,0.9426686057882812,0.0111029228206407,-0.1502967112376656,4.0,False
2020,multifactor_mvr,2019-12-31,1.0663369694027327,0.7694289722239143,0.0089323041950062,-0.1463598577252661,5.0,False
2020,donchian_breakout,2019-12-31,1.0639492010576448,0.6671399633540551,0.0089334690792244,-0.1688235397183753,6.0,False
2020,xs_momentum_12_1,2019-12-31,1.0232613015001382,0.6068536908614851,0.0150647509636716,-0.3238569289063147,7.0,False
2020,adaptive_voltarget_momentum,2019-12-31,1.0103735179273396,0.5774535031994841,0.0121745317752621,-0.2706450452468996,8.0,False
2020,xs_momentum_top30,2019-12-31,0.978419111557346,0.6131467461772523,0.0158717086730049,-0.3392311589258021,9.0,False
2020,mean_reversion_5d,2019-12-31,0.936105374059332,0.852189189756241,0.0143754873492132,-0.2192239210642117,10.0,False
2020,sector_rotation,2019-12-31,0.920233858201902,0.6164163744427098,0.0083327620813526,-0.1698617388456526,11.0,False
2020,sector_momentum_rotation,2019-12-31,0.8569092372119357,0.6232729655208177,0.0079103301924283,-0.1591030971939252,12.0,False
2020,trend_following,2019-12-31,0.8347761520352747,0.483671341738036,0.0096965948616913,-0.2538288502243007,13.0,False
2020,vix_gated_trend,2019-12-31,0.8347761520352747,0.483671341738036,0.0096965948616913,-0.2538288502243007,14.0,False
2020,xs_momentum_fast,2019-12-31,0.8179785665284154,0.5854846216345256,0.0127057892251043,-0.2794074166669275,15.0,False
2020,momentum_quality_blend,2019-12-31,0.8178286936812984,0.4191823315756782,0.0081957832843528,-0.2454923444007621,16.0,False
2020,xs_momentum_multi,2019-12-31,0.8012226881958281,0.4384029610758398,0.0104348939017024,-0.3026010742975813,17.0,False
2020,ts_momentum_multiasset,2019-12-31,0.7776525547165827,0.4991133520581451,0.0030309328672153,-0.0740987481923741,18.0,False
2020,xs_momentum_fast_top10,2019-12-31,0.6039480547202635,0.3472481513653027,0.010480959801695,-0.3838206783705585,19.0,False
2020,xs_momentum_concentrated,2019-12-31,0.4931138380066416,0.2228966216492755,0.0056427487346073,-0.3133941567472106,20.0,False
2020,calendar_tom,2019-12-31,0.1805535391086117,0.091700854873848,0.0010856472407838,-0.1429194818144047,21.0,False
2021,dual_momentum_vol,2020-12-31,1.342228646807965,0.9392598686859776,0.0259536768386638,-0.3832608999073688,1.0,True
2021,adaptive_voltarget_momentum,2020-12-31,1.1500547838054505,0.8335186216497955,0.0170962014842899,-0.2706450452468996,2.0,True
2021,donchian_breakout,2020-12-31,1.1298924155623549,0.8390559008987292,0.0124209150673801,-0.1902936458002659,3.0,True
2021,xs_momentum_top30,2020-12-31,1.1158960692662654,0.7708343474967179,0.0239570458305176,-0.4262382168093908,4.0,False
2021,xs_momentum_12_1,2020-12-31,1.0658621589595851,0.6660494480576681,0.0213069160519798,-0.4322196066533856,5.0,False
2021,xs_momentum_multi,2020-12-31,1.0051890817017255,0.6866181663711165,0.0179537528866444,-0.3466925581108949,6.0,False
2021,xs_momentum_fast,2020-12-31,0.981811934040747,0.649317779271346,0.0186805624196297,-0.3830090686400004,7.0,False
2021,risk_parity_etf,2020-12-31,0.9383540325317652,0.3990425087473461,0.0059111399116982,-0.1836543004663994,8.0,False
2021,trend_following,2020-12-31,0.9363213962727164,0.5133811502709646,0.0149947486782675,-0.3808942809923318,9.0,False
2021,acceleration_momentum,2020-12-31,0.910510507893746,0.4257261344627202,0.0141501110979183,-0.4314037115393458,10.0,False
2021,vix_gated_trend,2020-12-31,0.8846797886393243,0.5969810317027143,0.0118270908463427,-0.2538288502243007,11.0,False
2021,low_vol_quality,2020-12-31,0.873202089510505,0.3662072162901503,0.0068653688899675,-0.2336587622757374,12.0,False
2021,mean_reversion_5d,2020-12-31,0.8232079267206446,0.3794562292138252,0.0185482741713274,-0.6502728568123506,13.0,False
2021,sector_momentum_rotation,2020-12-31,0.7468783682009309,0.4226064033854423,0.0104310640660842,-0.3137900649662255,14.0,False
2021,xs_momentum_concentrated,2020-12-31,0.720548776147603,0.4185542755159005,0.0125319536402999,-0.3851213393009749,15.0,False
2021,calendar_tom,2020-12-31,0.6796091267454248,0.5484886307283952,0.0063088944357891,-0.1429194818144047,16.0,False
2021,sector_rotation,2020-12-31,0.6720047018248829,0.3416614937839391,0.0091018453699305,-0.3361782264849149,17.0,False
2021,momentum_quality_blend,2020-12-31,0.6614001060569968,0.3063496744692117,0.0096410087454374,-0.3983298911167904,18.0,False
2021,multifactor_mvr,2020-12-31,0.6314444208897914,0.2663998936029129,0.0089008175447138,-0.4211597723637523,19.0,False
2021,xs_momentum_fast_top10,2020-12-31,0.5894892584127,0.3246241950918185,0.0114933682411086,-0.4527748381311837,20.0,False
2021,ts_momentum_multiasset,2020-12-31,0.4397783622024758,0.2152768419436395,0.0021413174738975,-0.1207775338475312,21.0,False
2022,dual_momentum_vol,2021-12-31,1.2473982110999458,0.9211197521401544,0.0255155823576425,-0.3832608999073688,1.0,True
2022,donchian_breakout,2021-12-31,1.1928371920352134,0.908708442889236,0.0133801905315369,-0.1902936458002659,2.0,True
2022,acceleration_momentum,2021-12-31,1.0929801631834932,0.5276418841096946,0.0172371040426024,-0.4314037115393458,3.0,True
2022,xs_momentum_top30,2021-12-31,1.0718208711003123,0.7828417254676924,0.0242851823729202,-0.4262382168093908,4.0,False
2022,xs_momentum_12_1,2021-12-31,1.0647507239514988,0.7068579820392519,0.0224652779336971,-0.4322196066533856,5.0,False
2022,adaptive_voltarget_momentum,2021-12-31,1.0229698127162352,0.8661267241320071,0.0177045225894143,-0.2706450452468996,6.0,False
2022,xs_momentum_fast,2021-12-31,1.0159621659682478,0.7552742540631265,0.0213992073061446,-0.3830090686400004,7.0,False
2022,low_vol_quality,2021-12-31,0.950514700246542,0.3800584181978432,0.0071151790674686,-0.2336587622757374,8.0,False
2022,risk_parity_etf,2021-12-31,0.941446107163374,0.3873324884221049,0.0057430193287322,-0.1836543004663994,9.0,False
2022,calendar_tom,2021-12-31,0.9103795018224952,0.8468029998741939,0.0095657226313308,-0.1429194818144047,10.0,False
2022,xs_momentum_multi,2021-12-31,0.9037759448599586,0.6503360563511894,0.0170878321311458,-0.3466925581108949,11.0,False
2022,trend_following,2021-12-31,0.8618087307414624,0.4814603911943839,0.0141305223998366,-0.3808942809923318,12.0,False
2022,mean_reversion_5d,2021-12-31,0.859201510461922,0.3987412209996232,0.0193981237807558,-0.6502728568123506,13.0,False
2022,vix_gated_trend,2021-12-31,0.8135263765153458,0.5736096405537835,0.0113916766446442,-0.2538288502243007,14.0,False
2022,sector_rotation,2021-12-31,0.77845732099475,0.3990708726814758,0.0105461689728949,-0.3361782264849149,15.0,False
2022,sector_momentum_rotation,2021-12-31,0.776190522917095,0.4357707375829118,0.0107376543323687,-0.3137900649662255,16.0,False
2022,multifactor_mvr,2021-12-31,0.7193076238789318,0.3059553920562765,0.0101515830650638,-0.4211597723637523,17.0,False
2022,xs_momentum_concentrated,2021-12-31,0.7115698636939258,0.4185664230504944,0.0125322935844449,-0.3851213393009749,18.0,False
2022,momentum_quality_blend,2021-12-31,0.6874733079992197,0.3331680665461959,0.0104385805853697,-0.3983298911167904,19.0,False
2022,xs_momentum_fast_top10,2021-12-31,0.6755457746129865,0.4353381082151569,0.0151054882584291,-0.4527748381311837,20.0,False
2022,ts_momentum_multiasset,2021-12-31,0.6323103701177666,0.3194933533665584,0.0031601270227656,-0.1207775338475312,21.0,False
2023,dual_momentum_vol,2022-12-31,1.065740439020537,0.7717092176600866,0.0218266239716147,-0.3832608999073688,1.0,True
2023,calendar_tom,2022-12-31,1.022744898801804,0.96998609771023,0.0108775438265809,-0.1429194818144047,2.0,True
2023,xs_momentum_top30,2022-12-31,0.9840769199305032,0.7200920558711245,0.0225574443872087,-0.4262382168093908,3.0,True
2023,xs_momentum_12_1,2022-12-31,0.9339221666247188,0.612202012100041,0.0197559820045429,-0.4322196066533856,4.0,False
2023,acceleration_momentum,2022-12-31,0.9292772629261776,0.439730551491224,0.0145804683541506,-0.4314037115393458,5.0,False
2023,adaptive_voltarget_momentum,2022-12-31,0.9249528284446208,0.787227762763023,0.0162256888709995,-0.2706450452468996,6.0,False
2023,donchian_breakout,2022-12-31,0.8128150473014845,0.4871168202338014,0.0094012288681195,-0.2439553553676093,7.0,False
2023,xs_momentum_multi,2022-12-31,0.7641848441467128,0.5356958901847421,0.0142972150891795,-0.3466925581108949,8.0,False
2023,low_vol_quality,2022-12-31,0.7513693661917211,0.2960975872037517,0.0055903530509857,-0.2336587622757374,9.0,False
2023,sector_momentum_rotation,2022-12-31,0.7454203689266587,0.4295967688692595,0.0105939933120635,-0.3137900649662255,10.0,False
2023,xs_momentum_fast,2022-12-31,0.7099833321635108,0.4498645017458511,0.0140454084354477,-0.4049980125657229,11.0,False
2023,xs_momentum_concentrated,2022-12-31,0.6671014197053188,0.3972620802552613,0.0119341612212242,-0.3851213393009749,12.0,False
2023,trend_following,2022-12-31,0.6666076611136721,0.3587644589754674,0.0107310449067992,-0.3808942809923318,13.0,False
2023,mean_reversion_5d,2022-12-31,0.6504570026886468,0.2833109496822947,0.0141907701930443,-0.6502728568123506,14.0,False
2023,sector_rotation,2022-12-31,0.5969306193422524,0.2933624071968633,0.0078688576822865,-0.3361782264849149,15.0,False
2023,multifactor_mvr,2022-12-31,0.5672546697127384,0.2272754381429647,0.0076466723475558,-0.4211597723637523,16.0,False
2023,momentum_quality_blend,2022-12-31,0.548540980970316,0.248096231978792,0.0078843061523621,-0.3983298911167904,17.0,False
2023,xs_momentum_fast_top10,2022-12-31,0.4979270073433317,0.2636912695791025,0.0096372989816635,-0.462581719593798,18.0,False
2023,risk_parity_etf,2022-12-31,0.4468959888515731,0.177579520096531,0.0029409337314236,-0.2019809378396623,19.0,False
2023,vix_gated_trend,2022-12-31,0.4188901717165693,0.1674542052556214,0.0052572024964268,-0.3878248194292054,20.0,False
2023,ts_momentum_multiasset,2022-12-31,0.3734989049174544,0.2025064633356503,0.0020156886043387,-0.1207775338475312,21.0,False
2024,dual_momentum_vol,2023-12-31,1.1001869526313195,0.7918966815356783,0.022333684761604,-0.3832608999073688,1.0,True
2024,xs_momentum_top30,2023-12-31,1.0282821071483446,0.7464523596510116,0.0232871562818628,-0.4262382168093908,2.0,True
2024,xs_momentum_12_1,2023-12-31,0.9741191533935812,0.6301997829851498,0.0202772507715978,-0.4322196066533856,3.0,True
2024,adaptive_voltarget_momentum,2023-12-31,0.9697315747546468,0.8305853360526512,0.0170412828410906,-0.2706450452468996,4.0,False
2024,acceleration_momentum,2023-12-31,0.9696687829012302,0.4556003236713516,0.0150657334743971,-0.4314037115393458,5.0,False
2024,calendar_tom,2023-12-31,0.9618465016220455,0.9059554930335268,0.0101979978720223,-0.1429194818144047,6.0,False
2024,xs_momentum_fast,2023-12-31,0.8547499359404953,0.577579110811835,0.0176705413857705,-0.4049980125657229,7.0,False
2024,donchian_breakout,2023-12-31,0.8317200631306776,0.4932350096608806,0.0095133750551692,-0.2439553553676093,8.0,False
2024,xs_momentum_multi,2023-12-31,0.8057419348574032,0.5630610725139298,0.0149710547705836,-0.3466925581108949,9.0,False
2024,sector_momentum_rotation,2023-12-31,0.7740006974755739,0.4412969443778614,0.0108660524681392,-0.3137900649662255,10.0,False
2024,xs_momentum_fast_top10,2023-12-31,0.7355718418205986,0.486359660795037,0.0170542415228895,-0.462581719593798,11.0,False
2024,low_vol_quality,2023-12-31,0.7327555652973675,0.2790756843054232,0.0052780915481847,-0.2336587622757374,12.0,False
2024,mean_reversion_5d,2023-12-31,0.7130918013619522,0.316172387792322,0.0157033532384387,-0.6502728568123506,13.0,False
2024,xs_momentum_concentrated,2023-12-31,0.6744213089459737,0.3931609209529347,0.0118185710323297,-0.3851213393009749,14.0,False
2024,sector_rotation,2023-12-31,0.615224927409528,0.297106522628331,0.0079650333770497,-0.3361782264849149,15.0,False
2024,trend_following,2023-12-31,0.6102881690167645,0.3132851947230851,0.0094383451153372,-0.3808942809923318,16.0,False
2024,momentum_quality_blend,2023-12-31,0.5998849917975366,0.2710941651254188,0.0085818622168127,-0.3983298911167904,17.0,False
2024,risk_parity_etf,2023-12-31,0.5921054533116075,0.2435828567988368,0.0040102785130928,-0.2019809378396623,18.0,False
2024,multifactor_mvr,2023-12-31,0.5863578680079832,0.2298964978476249,0.0077312296408313,-0.4211597723637523,19.0,False
2024,ts_momentum_multiasset,2023-12-31,0.3869654756184501,0.2099036929931413,0.0020884801179272,-0.1207775338475312,20.0,False
2024,vix_gated_trend,2023-12-31,0.385106917537328,0.1279923230091756,0.0046734929403775,-0.4496062734071431,21.0,False
2025,dual_momentum_vol,2024-12-31,1.1221655120584513,0.8134772485183753,0.0228726949723481,-0.3832608999073688,1.0,True
2025,xs_momentum_top30,2024-12-31,1.0668375951331557,0.7860079319842508,0.0243715158532502,-0.4262382168093908,2.0,True
2025,xs_momentum_12_1,2024-12-31,1.021643773209149,0.6694943812393142,0.0214052616660889,-0.4322196066533856,3.0,True
2025,adaptive_voltarget_momentum,2024-12-31,0.9916576570566672,0.8563676882868364,0.0175228818433816,-0.2706450452468996,4.0,False
2025,acceleration_momentum,2024-12-31,0.9292629890770144,0.4265155301120181,0.0141744228035938,-0.4314037115393458,5.0,False
2025,xs_momentum_fast,2024-12-31,0.9095344546578692,0.6451354053595424,0.0195321319068453,-0.4049980125657229,6.0,False
2025,donchian_breakout,2024-12-31,0.8312466159577763,0.4846729408710078,0.0093563943148837,-0.2439553553676093,7.0,False
2025,xs_momentum_fast_top10,2024-12-31,0.8206111656199784,0.5898157863374235,0.0203075360642408,-0.462581719593798,8.0,False
2025,low_vol_quality,2024-12-31,0.7988132251636338,0.2991461990831071,0.0056461664280913,-0.2336587622757374,9.0,False
2025,xs_momentum_multi,2024-12-31,0.7851515765395913,0.5466536552395554,0.0145676300909867,-0.3466925581108949,10.0,False
2025,sector_momentum_rotation,2024-12-31,0.782862140614087,0.4333562324503445,0.010681498368861,-0.3137900649662255,11.0,False
2025,calendar_tom,2024-12-31,0.7480191052813235,0.3413058355732092,0.0079863936931312,-0.2934625307237053,12.0,False
2025,momentum_quality_blend,2024-12-31,0.7297162963105878,0.3425820888784517,0.0107169167752347,-0.3983298911167904,13.0,False
2025,xs_momentum_concentrated,2024-12-31,0.7096913605691034,0.4161493086172081,0.0124646268131978,-0.3851213393009749,14.0,False
2025,mean_reversion_5d,2024-12-31,0.7054541669818278,0.3037327356947649,0.0151336795992,-0.6502728568123506,15.0,False
2025,risk_parity_etf,2024-12-31,0.6888403910261081,0.282910205625755,0.0046415289848726,-0.2019809378396623,16.0,False
2025,multifactor_mvr,2024-12-31,0.683986850957395,0.2697354958775581,0.0090069517545425,-0.4211597723637523,17.0,False
2025,sector_rotation,2024-12-31,0.6374880116259407,0.3021478837206577,0.0080943723730879,-0.3361782264849149,18.0,False
2025,trend_following,2024-12-31,0.5712352349956229,0.2881541908342103,0.0087161351015403,-0.3808942809923318,19.0,False
2025,ts_momentum_multiasset,2024-12-31,0.5325376596207606,0.2921815669113291,0.0028942289614803,-0.1207775338475312,20.0,False
2025,vix_gated_trend,2024-12-31,0.3702075452942018,0.1231731005760982,0.004501796270208,-0.4496062734071431,21.0,False
2026,dual_momentum_vol,2025-12-31,1.1266049364236408,0.840261750250887,0.0235373658763211,-0.3832608999073688,1.0,True
2026,xs_momentum_top30,2025-12-31,1.087108434663027,0.8380602670972688,0.0257794852290778,-0.4262382168093908,2.0,True
2026,xs_momentum_12_1,2025-12-31,1.0238798466716308,0.6917415054302548,0.0220378747350717,-0.4322196066533856,3.0,True
2026,adaptive_voltarget_momentum,2025-12-31,0.9994589012349716,0.8450289379131742,0.0182469431100862,-0.2867726212339708,4.0,False
2026,xs_momentum_fast,2025-12-31,0.9083703627820056,0.6549974039938906,0.0198007881695823,-0.4049980125657229,5.0,False
2026,xs_momentum_multi,2025-12-31,0.8909564282164454,0.6588044572555987,0.0172906682182327,-0.3466925581108949,6.0,False
2026,acceleration_momentum,2025-12-31,0.8476010272740052,0.391818126561447,0.0130997158959969,-0.4314037115393458,7.0,False
2026,low_vol_quality,2025-12-31,0.7986480179840157,0.2991875984438352,0.0056469241248593,-0.2336587622757374,8.0,False
2026,risk_parity_etf,2025-12-31,0.7886756271226486,0.326238964861258,0.0053319924526966,-0.2019809378396623,9.0,False
2026,donchian_breakout,2025-12-31,0.7840352519127468,0.4552067114909194,0.0088140854421743,-0.2439553553676093,10.0,False
2026,xs_momentum_fast_top10,2025-12-31,0.7818333546429925,0.5580824480342659,0.0193217391171014,-0.462581719593798,11.0,False
2026,xs_momentum_concentrated,2025-12-31,0.768838111769676,0.4662260354196689,0.0138564611971852,-0.3851213393009749,12.0,False
2026,mean_reversion_5d,2025-12-31,0.7485626734089049,0.3325458533548129,0.016447858290844,-0.6502728568123506,13.0,False
2026,calendar_tom,2025-12-31,0.7429780857671391,0.3434440897263965,0.0080342915257722,-0.2934625307237053,14.0,False
2026,momentum_quality_blend,2025-12-31,0.7051358508420971,0.327232066544457,0.0102626415159625,-0.3983298911167904,15.0,False
2026,multifactor_mvr,2025-12-31,0.6896294790306704,0.2713944906412624,0.0090596929599098,-0.4211597723637523,16.0,False
2026,sector_momentum_rotation,2025-12-31,0.6847501258166426,0.3624970903056547,0.0090179935401171,-0.3137900649662255,17.0,False
2026,sector_rotation,2025-12-31,0.62188494131852,0.2891345526515571,0.0077601346038553,-0.3361782264849149,18.0,False
2026,ts_momentum_multiasset,2025-12-31,0.5784597390938501,0.313948920977421,0.0031062110433308,-0.1207775338475312,19.0,False
2026,vix_gated_trend,2025-12-31,0.3764345700474808,0.1245769089234439,0.0046895389671126,-0.4635598634841776,20.0,False
2026,trend_following,2025-12-31,0.3619477783322337,0.1045233474304333,0.0048863020467935,-0.5763055748711865,21.0,False
