cand,base,alloc,overlay,tc,track,mean_monthly,sharpe,max_drawdown,calmar,turnover_ann,avg_gross,ep_2018Q4_ret,ep_2018Q4_dd,ep_covid_ret,ep_covid_dd,ep_2022_ret,ep_2022_dd,ep_2026Q1_ret,ep_2026Q1_dd,tier_events
ASM_Ast_base,A,st,none,5.0,next_open,0.045546739999310346,1.0440033129817838,-0.6019153206391645,0.8580186751301543,14.141159725477893,1.618903825373896,-0.43284424054833903,-0.5055166986123909,-0.4838122239819703,-0.6019153206391645,0.08030365542394446,-0.43604490388575223,,,
ASM_Ast_TF1,A,st,TF1,5.0,tier_loop_cc,0.04568441164868224,1.2417583180414202,-0.4799788179598561,1.176976214721098,16.960332922779866,1.4689136235318423,-0.45775932999749847,-0.45775932999749847,-0.22232367594976266,-0.22232367594976266,0.20970368033068598,-0.27027141128355714,,,"{""tier1"": 19, ""tier2"": 0, ""tier3"": 0}"
ASM_Ast_TF1_tc10,A,st,TF1,10.0,tier_loop_cc,0.04493280817692334,1.2219067468482627,-0.4816505891067526,1.145184751346716,16.960332922779866,1.4689136235318423,-0.4595025326555664,-0.4595025326555664,-0.22365142757611312,-0.22365142757611312,0.19734033215745583,-0.27101880509797893,,,"{""tier1"": 19, ""tier2"": 0, ""tier3"": 0}"
ASM_Ast_TF1_tc20,A,st,TF1,20.0,tier_loop_cc,0.04343023414006527,1.182159755477128,-0.4849813875496445,1.0829374829383405,16.960332922779866,1.4689136235318423,-0.4629756496009787,-0.4629756496009787,-0.2263026838860518,-0.2263026838860518,0.1729694687381753,-0.27251246259801376,,,"{""tier1"": 19, ""tier2"": 0, ""tier3"": 0}"
ASM_Ast_T,A,st,T,5.0,tier_loop_cc,0.04613681098367277,1.202998294476475,-0.49691239273911136,1.1281337158676683,16.370254246506825,1.507244017417792,-0.39832025741207133,-0.4754164433054945,-0.34408385964007016,-0.42454205392072863,0.15444744748766692,-0.35294450788073317,,,"{""tier1"": 19, ""tier2"": 1, ""tier3"": 0}"
ASM_Ast_T_tc10,A,st,T,10.0,tier_loop_cc,0.045409106481238734,1.184513771320279,-0.4981111360556342,1.0995348311277908,16.370254246506825,1.507244017417792,-0.39975392335753446,-0.47666640657922543,-0.345790855460248,-0.42557175895603583,0.14456940475286828,-0.35463372460087483,,,"{""tier1"": 19, ""tier2"": 1, ""tier3"": 0}"
ASM_Ast_T_tc20,A,st,T,20.0,tier_loop_cc,0.04395425330017487,1.147521050284126,-0.5005022766560581,1.043349715195631,16.370254246506825,1.507244017417792,-0.4026136655578796,-0.47915971594050444,-0.34919508377511854,-0.42762762715604863,0.12504984245179607,-0.35800116564982953,,,"{""tier1"": 19, ""tier2"": 1, ""tier3"": 0}"
ASM_Ast_F1,A,st,F1,5.0,next_open,0.046550762279568045,1.1411435235006386,-0.5207295211699114,1.0538770848459498,15.168345519708316,1.5618785461263947,-0.49974074896411924,-0.49974074896411924,-0.35404148236706046,-0.35404148236706046,0.24881205162706177,-0.29725296864761097,,,
ASM_Ast_F1_tc10,A,st,F1,10.0,next_open,0.04588465595475973,1.1257140270896286,-0.5225361942649228,1.0278984473978436,15.168345519708316,1.5618785461263947,-0.5012165053410147,-0.5012165053410147,-0.3551955879094465,-0.3551955879094465,0.23754281358609197,-0.2976590488423365,,,
ASM_Ast_F1_tc20,A,st,F1,20.0,next_open,0.04455269571119369,1.0947792225706408,-0.5261332659466535,0.9769609756227464,15.168345519708316,1.5618785461263947,-0.5041582859532281,-0.5041582859532281,-0.3575007035357849,-0.3575007035357849,0.21528431159140626,-0.2984712092317866,,,
ASM_Asx_base,A,sx,none,5.0,next_open,0.04608127561405819,1.0659485660048096,-0.5400004866277619,0.9759494727280487,14.282982520936855,1.6156310862072698,-0.4416255585201915,-0.518001514808685,-0.42381737557392596,-0.5400004866277619,0.04628094551328554,-0.45061696401494067,,,
ASM_Asx_TF1,A,sx,TF1,5.0,tier_loop_cc,0.0429547118028996,1.1598260940054697,-0.5077073086778521,1.008616408449532,17.185555195607098,1.4701382694792138,-0.4863698652514886,-0.4863698652514886,-0.25570762105628664,-0.25570762105628664,0.08297687578213009,-0.33099467996301646,,,"{""tier1"": 17, ""tier2"": 1, ""tier3"": 0}"
ASM_Asx_TF1_tc10,A,sx,TF1,10.0,tier_loop_cc,0.042197436682475775,1.1398928144301854,-0.5095412752741881,0.9793592706951088,17.185555195607098,1.4701382694792138,-0.48828332146687636,-0.48828332146687636,-0.2568512996369561,-0.2568512996369561,0.07143281135978419,-0.33368486375986073,,,"{""tier1"": 17, ""tier2"": 1, ""tier3"": 0}"
ASM_Asx_TF1_tc20,A,sx,TF1,20.0,tier_loop_cc,0.04068352519675562,1.0999839458140257,-0.5131923923303088,0.9221107253468477,17.185555195607098,1.4701382694792138,-0.4920926888992493,-0.4920926888992493,-0.25913602226809396,-0.25913602226809396,0.04869145899175176,-0.33903775472491937,,,"{""tier1"": 17, ""tier2"": 1, ""tier3"": 0}"
ASM_Asx_T,A,sx,T,5.0,tier_loop_cc,0.04389737748158652,1.1390334518135936,-0.5242169547519588,0.9907504877852658,16.43462809670676,1.5098103066421829,-0.42493633597162817,-0.5035950889591967,-0.34783927509018087,-0.4265246056958296,0.03220600055333822,-0.416539581430881,,,"{""tier1"": 19, ""tier2"": 1, ""tier3"": 0}"
ASM_Asx_T_tc10,A,sx,T,10.0,tier_loop_cc,0.0431694445157851,1.1207293601082842,-0.5255715059293606,0.964254937601571,16.43462809670676,1.5098103066421829,-0.42657353841288914,-0.5050083504518752,-0.34907994621283034,-0.4272038098538893,0.022947963515462577,-0.4183446181490168,,,"{""tier1"": 19, ""tier2"": 1, ""tier3"": 0}"
ASM_Asx_T_tc20,A,sx,T,20.0,tier_loop_cc,0.04171412970859658,1.0840946787564307,-0.5282714911267778,0.9122325323058429,16.43462809670676,1.5098103066421829,-0.42983692368051585,-0.5078253611148689,-0.3515564140256028,-0.42856085854909776,0.004664241860449003,-0.4219409147186851,,,"{""tier1"": 19, ""tier2"": 1, ""tier3"": 0}"
ASM_Asx_F1,A,sx,F1,5.0,next_open,0.046149974337393075,1.1263221783936275,-0.5336134295422954,1.0085580799027491,15.30772630413533,1.5624145798112739,-0.5129495828113566,-0.5129495828113566,-0.3379820033173102,-0.3379820033173102,0.21966901877763223,-0.3113051755602749,,,
ASM_Asx_F1_tc10,A,sx,F1,10.0,next_open,0.045478467862262506,1.1107793472659284,-0.535419557050629,0.9833116688036927,15.30772630413533,1.5624145798112739,-0.5144292313932628,-0.5144292313932628,-0.339061376932806,-0.339061376932806,0.20880573289256676,-0.3116834702262964,,,
ASM_Asx_F1_tc20,A,sx,F1,20.0,next_open,0.04413571063201055,1.0796178069385214,-0.5390150904349784,0.933804098327997,15.30772630413533,1.5624145798112739,-0.5173784730361415,-0.5173784730361415,-0.34121748963359533,-0.34121748963359533,0.18734557765833193,-0.31244005955833953,,,
ASM_Bst_base,B,st,none,5.0,next_open,0.048107904869917374,1.125157418747987,-0.5828254312841059,0.9615804982281005,13.34455493264759,1.6189038253738959,-0.415212887885244,-0.49019530670092915,-0.4501475816788857,-0.5828254312841059,-0.10715210750782145,-0.41827095402418424,,,
ASM_Bst_TF1,B,st,TF1,5.0,tier_loop_cc,0.05012614116581189,1.3496845845697574,-0.4685606824454489,1.333958215781864,15.803482916270479,1.4860799962537707,-0.4470317112712313,-0.4470317112712313,-0.24087323133392935,-0.24087323133392935,0.010199759173402212,-0.2910458063533342,,,"{""tier1"": 15, ""tier2"": 0, ""tier3"": 0}"
ASM_Bst_TF1_tc10,B,st,TF1,10.0,tier_loop_cc,0.04942998778694554,1.3307846397932461,-0.4701848666998014,1.3019454393392083,15.803482916270479,1.4860799962537707,-0.44872169234346804,-0.44872169234346804,-0.2421459391723383,-0.2421459391723383,-0.00016594588875984417,-0.29353402375541204,,,"{""tier1"": 15, ""tier2"": 0, ""tier3"": 0}"
ASM_Bst_TF1_tc20,B,st,TF1,20.0,tier_loop_cc,0.048038188624644554,1.2929247795533252,-0.4734214665358464,1.239205818715976,15.803482916270479,1.4860799962537707,-0.45208940905828165,-0.45208940905828165,-0.24468815163753643,-0.24468815163753643,-0.020597791915953234,-0.2984883616301802,,,"{""tier1"": 15, ""tier2"": 0, ""tier3"": 0}"
ASM_Bst_T,B,st,T,5.0,tier_loop_cc,0.05098775987576285,1.3203378610062422,-0.4858749146574258,1.2974178846130628,15.101211633730179,1.5259780954111293,-0.3863661583417891,-0.46504735490287996,-0.32574524029812957,-0.4158923858787462,-0.05571367997169141,-0.36574367779452766,,,"{""tier1"": 15, ""tier2"": 1, ""tier3"": 0}"
ASM_Bst_T_tc10,B,st,T,10.0,tier_loop_cc,0.050319230188045294,1.3028713315297005,-0.4870183419250107,1.268913112864707,15.101211633730179,1.5259780954111293,-0.38773089561462115,-0.46623710319314915,-0.32718363756612956,-0.41669939089608754,-0.06393302990218575,-0.3674675930301534,,,"{""tier1"": 15, ""tier2"": 1, ""tier3"": 0}"
ASM_Bst_T_tc20,B,st,T,20.0,tier_loop_cc,0.04898259945351942,1.2679002939456734,-0.4892995189084043,1.2128490373332268,15.101211633730179,1.5259780954111293,-0.3904535937200626,-0.4686106922203952,-0.33005429785795404,-0.41831172789294313,-0.08017149568467163,-0.3709037707648686,,,"{""tier1"": 15, ""tier2"": 1, ""tier3"": 0}"
ASM_Bst_F1,B,st,F1,5.0,next_open,0.048667714926263886,1.2185118548358336,-0.506437543533925,1.1516915926915468,14.425544243718592,1.5618785461263947,-0.4845987469584845,-0.4845987469584845,-0.330734161788374,-0.330734161788374,0.02605112955067601,-0.299086028818514,,,
ASM_Bst_F1_tc10,B,st,F1,10.0,next_open,0.04803406602950457,1.2031529257694875,-0.5082070452861576,1.1253482984099308,14.425544243718592,1.5618785461263947,-0.4860245952877539,-0.4860245952877539,-0.3319292405365599,-0.3319292405365599,0.016692491494031847,-0.2995227046108174,,,
ASM_Bst_F1_tc20,B,st,F1,20.0,next_open,0.04676700373595655,1.1723559806544226,-0.5117309341382079,1.0736724109308715,14.425544243718592,1.5618785461263947,-0.4888675102004528,-0.4888675102004528,-0.33431619482131136,-0.33431619482131136,-0.0017895692054142875,-0.3003960561954231,,,
ASM_Bsx_base,B,sx,none,5.0,next_open,0.049338634376973965,1.1575732122602085,-0.519282676113216,1.1254967220150522,13.379284950347477,1.6148951670776648,-0.4159647781021386,-0.4999273553038479,-0.3942379953199565,-0.5191009728947273,-0.1268273345129426,-0.4170794953096779,,,
ASM_Bsx_TF1,B,sx,TF1,5.0,tier_loop_cc,0.04932552002103804,1.3120399732563943,-0.49737004392875317,1.2220074423007876,15.830984085646628,1.4843953821087252,-0.4771324457296736,-0.4771324457296736,-0.2307748382732403,-0.2307748382732403,-0.022945207025127035,-0.28260093155803545,,,"{""tier1"": 15, ""tier2"": 0, ""tier3"": 0}"
ASM_Bsx_TF1_tc10,B,sx,TF1,10.0,tier_loop_cc,0.0486281290245791,1.2934222859207842,-0.49916269589701245,1.192045042678801,15.830984085646628,1.4843953821087252,-0.47899727598696284,-0.47899727598696284,-0.23194731996073725,-0.23194731996073725,-0.03284538422335004,-0.28504124818523735,,,"{""tier1"": 15, ""tier2"": 0, ""tier3"": 0}"
ASM_Bsx_TF1_tc20,B,sx,TF1,20.0,tier_loop_cc,0.047233847186916096,1.2561283042093796,-0.5027322721269524,1.1333537526764044,15.830984085646628,1.4843953821087252,-0.4827105755437954,-0.4827105755437954,-0.23428960362896956,-0.23428960362896956,-0.052363084975888596,-0.28990077453670393,,,"{""tier1"": 15, ""tier2"": 0, ""tier3"": 0}"
ASM_Bsx_T,B,sx,T,5.0,tier_loop_cc,0.05063457859689642,1.297456407985846,-0.5138884431274973,1.2127060045178464,15.082592377394285,1.5229289886933879,-0.40941119265339576,-0.49431593208018454,-0.32258030283020234,-0.40867393723574463,-0.06992358732151305,-0.35980863992549683,,,"{""tier1"": 17, ""tier2"": 0, ""tier3"": 0}"
ASM_Bsx_T_tc10,B,sx,T,10.0,tier_loop_cc,0.04996573071306102,1.2803486714525267,-0.5151850493832129,1.1857542024733496,15.082592377394285,1.5229289886933879,-0.4109864712727479,-0.4956647441308566,-0.32378368973303595,-0.4093331852193698,-0.07797050489163881,-0.3614746386155884,,,"{""tier1"": 17, ""tier2"": 0, ""tier3"": 0}"
ASM_Bsx_T_tc20,B,sx,T,20.0,tier_loop_cc,0.04862845764615524,1.246092185658802,-0.5177700433211572,1.132771391976081,15.082592377394285,1.5229289886933879,-0.41412704356572283,-0.4983538187508837,-0.3261860110429925,-0.4106504117664296,-0.09386960560635216,-0.3647958352377525,,,"{""tier1"": 17, ""tier2"": 0, ""tier3"": 0}"
ASM_Bsx_F1,B,sx,F1,5.0,next_open,0.04860088680233247,1.2012282061395028,-0.5182994599482711,1.1167132688654378,14.382441593848828,1.5632189039083633,-0.4968241416758751,-0.4968241416758751,-0.3161796359717348,-0.3161796359717348,-0.00635213761208564,-0.30322226069945846,,,
ASM_Bsx_F1_tc10,B,sx,F1,10.0,next_open,0.047969426265584966,1.1861706788790303,-0.5200425852122357,1.0912858202234257,14.382441593848828,1.5632189039083633,-0.49821969351589324,-0.49821969351589324,-0.3172859643666791,-0.3172859643666791,-0.015329271071244599,-0.30369002041500437,,,
ASM_Bsx_F1_tc20,B,sx,F1,20.0,next_open,0.04670673381243684,1.1559788152856731,-0.5235138627196644,1.041387380600436,14.382441593848828,1.5632189039083633,-0.5010022316987033,-0.5010022316987033,-0.3194959414498051,-0.3194959414498051,-0.03305982003821162,-0.304625539846095,,,
