,cagr,mean_monthly,median_monthly,ann_vol,sharpe,max_drawdown,calmar,hit_rate_monthly,worst_month,best_month,avg_n_positions,turnover_annualized,name,start,end,n_days,final_equity,sortino,avg_gross_exposure
combo_v2_2x_freeze_dd_v1,0.626416794613968,0.05218379955665459,0.0420371406432869,0.5272894943066287,1.1919894662474293,-0.5576561196381429,1.123303004404297,0.6386554621848739,-0.3467383498769707,0.46205357448148376,42.72014331210191,16.00362966818323,combo_v2_2x_freeze_dd_v1,2016-04-01,2026-03-27,2512,12856943.497874103,1.480442572409831,1.66869243907683
combo_v2_2x_baseline,0.5652555827979155,0.04955838255831459,0.03729413071145493,0.5865914713785203,1.0631858811104027,-0.6527925022213841,0.8659039141448629,0.6302521008403361,-0.2912904965957316,0.649263085551766,43.738853503184714,14.975397254546959,combo_v2_2x_baseline,2016-04-01,2026-03-27,2512,8768443.639312983,1.3181077880191738,1.7009376620067667
combo_v2_2x,0.5652555827979155,0.0495583825583145,0.0372941307114549,0.5865914713785203,1.063185881110403,-0.6527925022213841,0.8659039141448629,0.6302521008403361,-0.2912904965957316,0.649263085551766,43.738853503184714,14.97539725454696,combo_v2_2x,2016-04-01,2026-03-27,2512.0,8768443.639312983,1.3181077880191738,1.7009376620067669
combo_v2_2x_freeze_dd,0.5640651018033027,0.0478374320273686,0.0396164383503006,0.5223904450765874,1.1230452457114168,-0.5795813558025877,0.9732285142647514,0.6302521008403361,-0.3467383498769707,0.462053574481484,42.234872611464965,16.425394134787698,combo_v2_2x_freeze_dd,2016-04-01,2026-03-27,2512.0,8702081.279555473,1.3888685169339594,1.651309211900609
combo_v2_2x_freeze_dd_v2,0.5452429484548624,0.04662736783798007,0.03261405550468788,0.5064744342744316,1.117655988778887,-0.49356322544825093,1.104707401892992,0.6386554621848739,-0.34673834987697105,0.46205357448148354,40.64331210191083,16.73092823876212,combo_v2_2x_freeze_dd_v2,2016-04-01,2026-03-27,2512,7711196.2644030275,1.3649633536150614,1.5943824603082528
combo_4way_2.5x,0.4503099408457545,0.0417332583667786,0.0305261440651867,0.5042369652124875,0.995017402844302,-0.59490255285394,0.75694740035233,0.6470588235294118,-0.3677369746218754,0.5443495383098798,66.48487261146497,29.53471682779921,,,,,,,
combo_4way_2x,0.3747905112231173,0.0333951061450648,0.0256492228224309,0.4033895721699902,0.9950174028443002,-0.5015462064727416,0.7472701545465417,0.6470588235294118,-0.2959712414724588,0.4196448341470378,66.48487261146497,23.62777346223937,,,,,,,
xs_momentum_top30,0.3519588722253934,0.0293961999131764,0.0132221151273355,0.3345655196854808,1.0715995722282656,-0.4121572369889671,0.8539432057450805,0.6050420168067226,-0.2004227057627212,0.3324919460620033,26.48885350318471,6.3,,,,,,,
xs_momentum_fast_top10,0.2929272542471768,0.0287683151969209,0.0191555603632755,0.3982076395366674,0.8459414112515402,-0.4668943607901344,0.6273951429857715,0.5630252100840336,-0.3406087466420481,0.5363420522759903,9.621815286624203,33.105095541401276,,,,,,,
dual_momentum_vol,0.3393230833343497,0.0279361610552944,0.0296856259381836,0.3091344307051514,1.1031097716230078,-0.4604359806909679,0.7369603974588035,0.6722689075630253,-0.1798941285436069,0.3192707912551458,27.993630573248407,10.826232300850718,,,,,,,
xs_momentum_12_1,0.3156524605892472,0.0262407011504999,0.0182991236175591,0.3045502652461143,1.0560327085047994,-0.4015028816595419,0.786177322774255,0.5966386554621849,-0.1873648297368931,0.2697444469090941,44.14808917197452,5.878662420382162,,,,,,,
FINAL_3pct_lev_1.5x,0.3040314970405502,0.025846035148479,0.0162435273168262,0.3055107117511531,1.0250300602690168,-0.4012623902093775,0.7576874993988535,0.6554621848739496,-0.219267169143084,0.2485623143542936,44.28662420382165,10.212694583997536,,,,,,,
combo_4way_1.5x,0.289527228634582,0.0250661677286912,0.020145080348271,0.3025421791274926,0.9950174028443012,-0.3981655370467537,0.7271529092699576,0.6554621848739496,-0.2226289228850853,0.3032774466716796,66.48487261146497,17.720830096679528,,,,,,,
regime_gated_momentum,0.2914750308232265,0.024700436638737,0.0097635679307617,0.3122815409602899,0.977769689891114,-0.4121572369889669,0.7071937713689329,0.5966386554621849,-0.149410763192047,0.3324919460620037,26.48885350318471,6.215352952225194,,,,,,,
multi_dd_lev_1.3x,0.2583625171493793,0.0240671475397088,0.0047485409233891,0.3788734148617529,0.7992451003732005,-0.5463146446701541,0.472918893297048,0.5378151260504201,-0.225020924088513,0.3241298411982207,25.736464968152863,17.554836915376136,,,,,,,
adaptive_voltarget_momentum,0.2778289313149105,0.0236824379258465,0.0128271157687216,0.3248666104558988,0.9198722935030617,-0.3467011372968247,0.8013499277247828,0.5798319327731093,-0.1714493819397813,0.3530501688535643,26.48885350318471,9.52865909019812,adaptive_voltarget_momentum,2016-04-01,2026-03-27,2512.0,1156442.0699573385,1.1063278871001054,0.912221337579618
combo_4way_kelly_0.6,0.2582870946292321,0.02314658298973,0.0120710290899566,0.3108747755024109,0.8976648716426453,-0.4536197953142493,0.5693911449572022,0.6218487394957983,-0.2282464444465037,0.3266577747011596,66.44307324840764,24.577863155602035,,,,,,,
xs_momentum_fast,0.2450976832961955,0.0227585578807881,0.0191536541132379,0.3215320123297342,0.8449728167371999,-0.4336440850257693,0.5652047191687869,0.5882352941176471,-0.2926659503844989,0.4036350750836615,19.243630573248407,30.175796178343948,,,,,,,
FINAL_3pct_lev_1.3x,0.2655895242456914,0.0224386086460836,0.0144452796156877,0.2647759501843324,1.025030060269014,-0.3559852121939064,0.7460689802502914,0.6554621848739496,-0.1917521279891165,0.2128920402675598,44.28662420382165,8.851001972797867,,,,,,,
combo_v2_2x_freeze_both,0.1869337743793437,0.0216821612440876,0.0,0.4081438453109999,0.6276782869896512,-0.656944776888512,0.2845502102394638,0.453781512605042,-0.3756151603148686,0.4195186980233811,28.428343949044585,13.247759530723547,combo_v2_2x_freeze_both,2016-04-01,2026-03-27,2512.0,553533.8088059193,0.6224867056473863,1.13880042462845
combo_4way_kelly_0.4,0.2369414634404993,0.0215957299935406,0.0120710290899563,0.30380194467153,0.8549099657013449,-0.4536197953142492,0.5223349286958608,0.6218487394957983,-0.2272033845085949,0.3266577747011596,66.44307324840764,23.283898459802213,,,,,,,
xs_momentum_multi,0.2372803524916669,0.0208661278358916,0.0078670525628616,0.2975617645926939,0.8670297919409016,-0.4463041664102974,0.5316561447323118,0.5546218487394958,-0.1660959165759137,0.2426753295681847,26.238057324840764,14.031210191082804,,,,,,,
combo_v2_2x_freeze_vix,0.17010222910955974,0.02065859616319768,0.0,0.4103737837024791,0.5917471614436107,-0.6569447768885118,0.25892926634597063,0.453781512605042,-0.37561516031486863,0.4195186980233814,28.48686305732484,13.247759530723549,combo_v2_2x_freeze_vix,2016-04-01,2026-03-27,2512,479966.2950196357,0.58482559639762,1.141188959660297
combo_v2_2x_freeze_vix_dd_v1,0.17010222910955974,0.02065859616319768,0.0,0.4103737837024791,0.5917471614436107,-0.6569447768885118,0.25892926634597063,0.453781512605042,-0.37561516031486863,0.4195186980233814,28.48686305732484,13.247759530723549,combo_v2_2x_freeze_vix_dd_v1,2016-04-01,2026-03-27,2512,479966.2950196357,0.58482559639762,1.141188959660297
combo_4way_kelly_0.25,0.2194555592772502,0.020056498857653,0.0108858843554415,0.2833471226520391,0.844548940980157,-0.4078751643673263,0.5380458984740043,0.6134453781512605,-0.2136868117453283,0.3266577747011592,66.44307324840764,20.990047880589415,,,,,,,
fast_dd_momentum,0.2259428501827292,0.0197626159779485,0.0071511246506583,0.3041193754172506,0.8245749690499874,-0.412157236988967,0.5481957609997697,0.5546218487394958,-0.1494107631920469,0.2438148280898346,24.984076433121015,6.528088208756367,,,,,,,
conc_dd_lev_1.5x,0.1912211311599871,0.0191788421905337,0.0084226896326427,0.3545796754821094,0.6746051113314067,-0.5672106664755299,0.3371254147038094,0.5714285714285714,-0.3987566128391878,0.2324265572401385,13.029458598726114,24.244091384996132,,,,,,,
FINAL_3pct_target,0.2062056943081798,0.0173072614998088,0.0111566833085483,0.203673807834102,1.0250300602690137,-0.2835002946736311,0.7273561903897356,0.6554621848739496,-0.1494615043804369,0.1608794244074562,44.28662420382165,6.808463055998358,,,,,,,
xs_momentum_concentrated,0.1931791566859924,0.0168196909775408,0.0145732724953733,0.256806652272894,0.8185247795758811,-0.3988346870896118,0.4843589661061454,0.6050420168067226,-0.1505677961791822,0.1630338432512594,13.268312101910828,16.32515923566879,,,,,,,
combo_4way_1x,0.1970023666828471,0.0167330091828647,0.01402643149191,0.201694786084995,0.9950174028443028,-0.2814759895036502,0.6998904845498103,0.6554621848739496,-0.1497550913130458,0.1948208115830247,66.48487261146497,11.813886731119686,,,,,,,
conc_dd_lev_1.3x,0.172482612244831,0.016708644388138,0.0075105208150738,0.3073023854178283,0.6746051113314051,-0.5064687831053171,0.340559217070175,0.5798319327731093,-0.3488479420509103,0.1994725190094217,13.029458598726114,21.011545866996645,,,,,,,
voltarget_momentum,0.1815861394671563,0.0156655542596372,0.0090600068103856,0.2338894140953945,0.8328015199576456,-0.4121572369889668,0.4405749145489765,0.6134453781512605,-0.1493359928667347,0.2064248605888414,26.48885350318471,4.930229458880979,,,,,,,
fast_dd_voltarget_momentum,0.1696642933187897,0.014807856236538,0.0047856335574931,0.2486139896941067,0.7570939804534106,-0.4121572369889668,0.4116494339836899,0.5630252100840336,-0.149410763192047,0.1842559907777929,24.984076433121015,5.821319342980979,,,,,,,
xs_momentum_ls,0.1637299221195658,0.014547194274951,0.0080219869294269,0.2806664836331318,0.6829192699264882,-0.304043612206006,0.5385080151219553,0.5546218487394958,-0.1522521415965059,0.185008158705878,88.29617834394904,8.888216560509548,,,,,,,
regime_voltarget_momentum,0.1554027483523536,0.013410383260587,0.0061878109737063,0.215418580911242,0.7805295593348621,-0.4044433280684878,0.3842386252099034,0.6050420168067226,-0.1348986844019197,0.1803128672390923,26.48885350318471,4.797982174842795,,,,,,,
ensemble_top3,0.1586317949563622,0.0133222060805684,0.0120570109413526,0.1639163813370354,0.98266556465387,-0.2631518479194326,0.6028146722531452,0.6302521008403361,-0.1396530267077912,0.1266609076872953,47.84792993630573,7.216830047525216,,,,,,,
vix_gated_trend,0.135584832034455,0.0125735288577195,0.0016590678090582,0.2455648458853055,0.6428855043521345,-0.4349050271324961,0.3117573345344394,0.5126050420168067,-0.1768094459559642,0.199508723813486,24.33200636942675,15.10127388535032,vix_gated_trend,2016-04-01,2026-03-27,2512.0,355929.778220008,0.715416351623191,0.8244426751592356
ml_lgb_xs,0.104357556712463,0.0122544940151169,0.0,0.349969108149136,0.4598617348920575,-0.6165263662932989,0.1692669809725821,0.453781512605042,-0.3341337142971012,0.2745916266320856,23.312101910828027,44.3875796178344,,,,,,,
trend_following,0.1242677443316251,0.0121110275491344,0.0072981571958645,0.2631308429887119,0.5790260955786561,-0.4349050271324961,0.2857353596277614,0.5294117647058824,-0.1768094459559642,0.199508723813486,26.154458598726116,16.472798029413052,,,,,,,
buy_hold_spy,0.1370409832415293,0.0118184970115825,0.0181004444602899,0.1790673824533964,0.8086451218148535,-0.3371727297052124,0.4064414798947212,0.7142857142857143,-0.1248710786202306,0.1269834666195424,0.9996019108280256,0.1003184713375796,,,,,,,
acceleration_momentum,0.1164295412391924,0.0111762555750874,0.0138005195121346,0.2304261380769441,0.5954844905718656,-0.5135775634402608,0.2267029355006773,0.5882352941176471,-0.2321883243988972,0.1566622200641696,26.238057324840764,15.977388535031848,acceleration_momentum,2016-04-01,2026-03-27,2512.0,300326.00801522983,0.6569126872906818,0.8746019108280253
multifactor_mvr,0.1268505486897149,0.010979536342687,0.0053876380397961,0.1721446294402299,0.7816203109175117,-0.3633098472069251,0.3491525199906471,0.5546218487394958,-0.1415564934968277,0.1609870072369235,26.48885350318471,18.605732484076434,multifactor_mvr,2016-04-01,2026-03-27,2512.0,329520.31387212063,0.9184027504366308,0.8829617834394903
donchian_breakout,0.1216498792682561,0.0107852072499851,0.016280424114963,0.1647026379159263,0.781328955636024,-0.2942183360895938,0.4134680417443864,0.6218487394957983,-0.1594222821998826,0.1456345398121148,56.172372611464965,10.259960598129233,donchian_breakout,2016-04-01,2026-03-27,2512.0,314646.1187421913,0.9569966328105526,0.956210191082804
sector_momentum_rotation,0.121887691627357,0.0105585336160433,0.0129967571180529,0.1860626688899843,0.7127535238558712,-0.3298235211517658,0.3695542731510385,0.6134453781512605,-0.0837317644236751,0.1301392905289764,2.707404458598726,7.323248407643312,sector_momentum_rotation,2016-04-01,2026-03-27,2512.0,315312.8621405755,0.8678872222559018,0.9247611464968152
sector_rotation,0.1182390825067405,0.0101986691296713,0.0141827903543576,0.1737805671545831,0.7317642147342674,-0.3215169966868458,0.3677537540010805,0.6218487394957983,-0.0956724379333689,0.1125425104056907,3.832802547770701,8.426751592356688,,,,,,,
momentum_quality_blend,0.1117681555833292,0.0100713290805891,0.0003529572922553,0.2114662278718361,0.6085131264225621,-0.388449334240202,0.2877290439998955,0.5126050420168067,-0.1435703204938471,0.1387596322300011,26.48885350318471,10.80095541401274,momentum_quality_blend,2016-04-01,2026-03-27,2512.0,288037.7522304786,0.7093123331939752,0.8829617834394903
mean_reversion_5d,0.0886115607885609,0.0100676478543639,0.0126508172861972,0.3223298495220126,0.4259289213738403,-0.652493064632999,0.1358046017522061,0.5882352941176471,-0.3266334814822921,0.243657917932448,29.64171974522293,90.45382165605096,,,,,,,
calendar_tom,0.0838518616701529,0.007666264739625,0.0031622861694851,0.1454868932303285,0.6274615729768266,-0.2986355555815834,0.2807832493584162,0.5294117647058824,-0.0997797982310538,0.1407122767914606,8.359872611464969,39.11082802547771,calendar_tom,2016-04-01,2026-03-27,2512.0,223446.0571356531,0.4965535797754093,0.2786624203821655
low_vol_quality,0.0672007373886596,0.0057943803584306,0.0088077307604776,0.0977190548716539,0.716144088476605,-0.2724813488455851,0.2466250907571005,0.6218487394957983,-0.1124795508115246,0.0581093008975344,28.746019108280255,5.854606195572956,low_vol_quality,2016-04-01,2026-03-27,2512.0,191441.38670146943,0.7833502728759634,0.9582006369426752
risk_parity_etf,0.0590672557786371,0.0051311144607916,0.0064745562006671,0.0899766583088153,0.6842626202963185,-0.2036465235854452,0.2900479455219079,0.6386554621848739,-0.0808288026697253,0.0640052026883308,4.791003184713376,1.090262242546449,risk_parity_etf,2016-04-01,2026-03-27,2512.0,177361.80675682353,0.8187306421597864,0.9507251497450424
ts_momentum_multiasset,0.0375833413848898,0.0032609428961625,0.0045416522693988,0.0754806926399522,0.527647144887978,-0.1600783229826641,0.234780954001873,0.5714285714285714,-0.0443030276854304,0.0499007119096408,13.651671974522293,3.3270777079458353,,,,,,,
xs_momentum_ls_neutral,0.015676285101088,0.002788240569663,0.0,0.2498614016097814,0.1888234607836503,-0.4358955692831597,0.0359633962943649,0.4873949579831932,-0.17938443946867,0.1464146997999944,88.29617834394904,8.923328025477703,,,,,,,
