name,leverage,tc_bps,window,geo_monthly,mean_monthly,sharpe,max_drawdown,calmar,turnover_ann,source
combo_v2_1x,1.0,30.0,full,0.023389897759446665,0.0264635469521386,1.0811961097115688,-0.3498064838176434,0.9140927773811478,8.21395417831691,results/v7/trials/tc_recal.csv name=combo_v2_1x_tc30 window=full
combo_v2_1x,1.0,30.0,dev,0.0197118290257563,0.0224344711711614,0.9680491702755406,-0.3498064838176434,0.754556673267078,7.585391148792473,results/v7/trials/tc_recal.csv name=combo_v2_1x_tc30 window=dev
combo_v2_1.5x,1.5,30.0,full,0.030451510683543237,0.0373311926354098,1.0315956529701062,-0.4884662119213889,0.8870192892241249,12.320931267475368,results/v7/trials/tc_recal.csv name=combo_v2_1.5x_tc30 window=full
combo_v2_1.5x,1.5,30.0,dev,0.025340242513839373,0.0313560633888282,0.9203933235602016,-0.4884662119213889,0.7170521500820292,11.37808672318871,results/v7/trials/tc_recal.csv name=combo_v2_1.5x_tc30 window=dev
combo_v2_2x,2.0,30.0,full,0.03356745498222491,0.0447148798165056,0.9897024547086926,-0.6047894547615499,0.8038519258280629,15.11597077201206,results/v7/trials/tc_recal.csv name=combo_v2_2x_tc30 window=full
combo_v2_2x,2.0,30.0,dev,0.028503914866736313,0.0385729748988879,0.8978628024908196,-0.6047894547615499,0.66321804427647,14.141159725477891,results/v7/trials/tc_recal.csv name=combo_v2_2x_tc30 window=dev
combo_v2_1x,1.0,52.0,full,0.02185226133301721,0.024907796249849207,1.0204641539448411,-0.350897391177843,0.843996437828161,8.21395417831691,results/v7/trials/lev1.csv name=combo_v2_1x_tc52 window=full
combo_v2_1x,1.0,52.0,2019on,0.026353267817670778,0.02899680710427229,1.111355278132954,-0.3508973911778429,1.044041630018834,9.113694479681111,derived: results/v7/trials/lev1.csv name=combo_v2_1x_tc52 window=full equity sliced >=2019-01-01
combo_v2_1x,1.0,52.0,dev,0.018293816165240173,0.020992643709351465,0.9090768410290738,-0.350897391177843,0.6925602856142269,7.585391148792473,results/v7/trials/lev1.csv name=combo_v2_1x_tc52 window=dev
combo_v2_1.25x,1.25,30.0,full,0.027286982516303793,0.03206621202661734,1.0554234939155915,-0.42185503735733587,0.9039660746784073,10.26744272289614,results/v7/trials/lev1.csv name=combo_v2_1.25x_tc30 window=full
combo_v2_1.25x,1.25,30.0,2019on,0.03276354318368657,0.037192426107431696,1.145775640440431,-0.42185503735733587,1.1196952187966607,11.39211809960139,derived: results/v7/trials/lev1.csv name=combo_v2_1.25x_tc30 window=full equity sliced >=2019-01-01
combo_v2_1.25x,1.25,30.0,dev,0.022880190120078803,0.02708189481169136,0.943992670968964,-0.42185503735733587,0.7393283103911135,9.481738935990592,results/v7/trials/lev1.csv name=combo_v2_1.25x_tc30 window=dev
combo_v2_1.25x,1.25,52.0,full,0.02535764268381202,0.030110377457315974,0.9946965920576528,-0.4230751711252264,0.828530638237936,10.26744272289614,results/v7/trials/lev1.csv name=combo_v2_1.25x_tc52 window=full
combo_v2_1.25x,1.25,52.0,2019on,0.03061073576492257,0.03503112006879905,1.0848145597669308,-0.4230751711252263,1.0304051857237682,11.39211809960139,derived: results/v7/trials/lev1.csv name=combo_v2_1.25x_tc52 window=full equity sliced >=2019-01-01
combo_v2_1.25x,1.25,52.0,dev,0.021102236410536435,0.025270854155435795,0.885023546803812,-0.4230751711252264,0.6731328645475532,9.481738935990592,results/v7/trials/lev1.csv name=combo_v2_1.25x_tc52 window=dev
combo_v2_1.5x,1.5,52.0,full,0.02812909019598009,0.03497149141894078,0.9708730305071842,-0.4897699090037485,0.8064851645453923,12.320931267475368,results/v7/trials/lev1.csv name=combo_v2_1.5x_tc52 window=full
combo_v2_1.5x,1.5,52.0,2019on,0.03400382821309855,0.04068389524002913,1.060701821216322,-0.4897699090037485,1.008041067596222,13.670541719521665,derived: results/v7/trials/lev1.csv name=combo_v2_1.5x_tc52 window=full equity sliced >=2019-01-01
combo_v2_1.5x,1.5,52.0,dev,0.023201556381179378,0.029173021981222284,0.8614271009042413,-0.4897699090037485,0.6469240353753357,11.37808672318871,results/v7/trials/lev1.csv name=combo_v2_1.5x_tc52 window=dev
combo_v2_1.75x,1.75,30.0,full,0.03289967872094035,0.04215130608555344,1.013407978176287,-0.5493569822604362,0.8640642354474573,14.19895174854525,results/v7/trials/lev1.csv name=combo_v2_1.75x_tc30 window=full
combo_v2_1.75x,1.75,30.0,2019on,0.03960548123521712,0.04887964566699581,1.1042552017391816,-0.549356982260436,1.0808259516042746,15.739042770007796,derived: results/v7/trials/lev1.csv name=combo_v2_1.75x_tc30 window=full equity sliced >=2019-01-01
combo_v2_1.75x,1.75,30.0,dev,0.027296931012640302,0.03540344034626246,0.9048909051312094,-0.5493569822604362,0.6944540438363285,13.13553014006861,results/v7/trials/lev1.csv name=combo_v2_1.75x_tc30 window=dev
combo_v2_1.75x,1.75,52.0,full,0.030216638026870468,0.039418998130535496,0.9529400808401851,-0.5517021883554514,0.7782524593203275,14.19895174854525,results/v7/trials/lev1.csv name=combo_v2_1.75x_tc52 window=full
combo_v2_1.75x,1.75,52.0,2019on,0.03660988580393898,0.04586019716792387,1.0436064348627467,-0.5507054785502303,0.9796812217806693,15.739042770007796,derived: results/v7/trials/lev1.csv name=combo_v2_1.75x_tc52 window=full equity sliced >=2019-01-01
combo_v2_1.75x,1.75,52.0,dev,0.024823031112974236,0.032872420967577864,0.8461333202891781,-0.5517021883554514,0.6200901386236154,13.13553014006861,results/v7/trials/lev1.csv name=combo_v2_1.75x_tc52 window=dev
combo_v2_2x,2.0,52.0,full,0.030708430356572336,0.041801204224163224,0.9306205372985831,-0.6140841574244063,0.7125621117744011,15.115970772012059,results/v7/trials/lev1.csv name=combo_v2_2x_tc52 window=full
combo_v2_2x,2.0,52.0,2019on,0.03758825594370108,0.04873147593842103,1.0273544418438667,-0.6061497190187675,0.9189856099080569,16.667325416566634,derived: results/v7/trials/lev1.csv name=combo_v2_2x_tc52 window=full equity sliced >=2019-01-01
combo_v2_2x,2.0,52.0,dev,0.02583674992609586,0.035838331176095646,0.8402038581846176,-0.6140841574244063,0.5831819543920739,14.141159725477893,results/v7/trials/lev1.csv name=combo_v2_2x_tc52 window=dev
